dex	species	form	gender	palette	idle_atlas	walk_atlas	runtime_strip	id	columns_idle	duration_idle	columns_walk	duration_walk	cell_width	cell_height	left	top	right	bottom	anchor_x	anchor_y	reference_height	runtime_content_width	runtime_content_height	idle_sha256	walk_sha256	runtime_sha256	source_receipt	status
6	charizard	base	none	normal	assets/pokemon-animation-cards/kanto-source-trs-v1/dex-006__form-00__gender-none__palette-normal__idle-8x4.png	assets/pokemon-animation-cards/kanto-source-trs-v1/dex-006__form-00__gender-none__palette-normal__walk-8x4.png	assets/pokemon-animation-cards/kanto-source-trs-v1/dex-006__form-00__gender-none__palette-normal__runtime.png	rc31-original-trs-body-v2:pm0006_00:00:none:normal	8	1.6000001430511475	8	0.8000000715255737	384	256	12	14	372	242	192	236.4313163781015	117.47940954204448	15	16	2655878e2e53ff544b6b1dcd00a110c5b52b5c01e1260dab3b8fe7fb7e07c9d0	94f9c8732c7992c4dc8d87bb21116be5fd6d714a5f6a5f4ff7a6ae67ce24e902	f3d587c67c0359aa426e9380133a38d0417d0b7532fda2aac57bb278f66b8abe	assets/pokemon-animation-cards/kanto-source-trs-v1/dex-006__form-00__gender-none__palette-normal__body-v2-admission.json	verified-render
6	charizard	base	none	shiny	assets/pokemon-animation-cards/kanto-source-trs-v1/dex-006__form-00__gender-none__palette-shiny__idle-8x4.png	assets/pokemon-animation-cards/kanto-source-trs-v1/dex-006__form-00__gender-none__palette-shiny__walk-8x4.png	assets/pokemon-animation-cards/kanto-source-trs-v1/dex-006__form-00__gender-none__palette-shiny__runtime.png	rc31-original-trs-body-v2:pm0006_00:00:none:shiny	8	1.6000001430511475	8	0.8000000715255737	384	256	12	14	372	242	192	236.4313163781015	117.47940954204448	15	16	4df6c649d35329ba5a13b81b381b21dbfaf24e5df4916db74d05164363544a5d	075c3ec8c5c75eae5c3fb8f543d79ec3a144b78401b81ee530ed0311ac188bf8	b9f0bd84cd7c8973807e392992287204cdd7e7243d2f2e134320b40f97c4b700	assets/pokemon-animation-cards/kanto-source-trs-v1/dex-006__form-00__gender-none__palette-shiny__body-v2-admission.json	verified-render
25	pikachu	base	female	normal	assets/pokemon-animation-cards/kanto-source-trs-v1/dex-025__form-00__gender-female__palette-normal__idle-8x4.png	assets/pokemon-animation-cards/kanto-source-trs-v1/dex-025__form-00__gender-female__palette-normal__walk-8x4.png	assets/pokemon-animation-cards/kanto-source-trs-v1/dex-025__form-00__gender-female__palette-normal__runtime.png	rc31-original-trs-v1:pm0025_00:00:female:normal	8	1.133333444595337	8	1	256	256	17	47	239	210	128	203.0879120462723	150	14	16	90a00a6114d0ec15b3b4c6cbaa9aafffa116f7c3ee7b1f09edc081938c69ad9f	656bc1cb8c14f75ed0689c9d5b85fd1ae23178a3854b34078b2e4a3e62bced1b	19399ba6ece2b9564ec2b88d9e2098c3287a2125c30d964248799055d2046610	assets/pokemon-animation-cards/kanto-source-trs-v1/dex-025__form-00__gender-female__palette-normal__admission.json	verified-render
25	pikachu	base	female	shiny	assets/pokemon-animation-cards/kanto-source-trs-v1/dex-025__form-00__gender-female__palette-shiny__idle-8x4.png	assets/pokemon-animation-cards/kanto-source-trs-v1/dex-025__form-00__gender-female__palette-shiny__walk-8x4.png	assets/pokemon-animation-cards/kanto-source-trs-v1/dex-025__form-00__gender-female__palette-shiny__runtime.png	rc31-original-trs-v1:pm0025_00:00:female:shiny	8	1.133333444595337	8	1	256	256	17	47	239	210	128	203.0879120462723	150	14	16	c343ae3923fc3c19cf7950ea6baeb01031c5c5d2cab8993c51bad225c7d9b567	e4d144d99c25a757669660c28b61dbac5811de3b12f9d91cba3e2aed05ea9495	c25899958a52673cd587d31993e275f7a8fa228a52ed71524dddff0939bf05e9	assets/pokemon-animation-cards/kanto-source-trs-v1/dex-025__form-00__gender-female__palette-shiny__admission.json	verified-render
25	pikachu	base	male	normal	assets/pokemon-animation-cards/kanto-source-trs-v1/dex-025__form-00__gender-male__palette-normal__idle-8x4.png	assets/pokemon-animation-cards/kanto-source-trs-v1/dex-025__form-00__gender-male__palette-normal__walk-8x4.png	assets/pokemon-animation-cards/kanto-source-trs-v1/dex-025__form-00__gender-male__palette-normal__runtime.png	rc31-original-trs-v1:pm0025_00:00:male:normal	8	1.133333444595337	8	1	256	256	17	47	239	210	128	203.0879120462723	150	14	16	d33446d86e1fed0798b9f546d00b8e3ad5f546e5263b86dd0bafa73cec60f7a4	7d4381c6529c3667fc2e0a466b7d6086232da31620136010321a8f7fc77009d6	b126e3ed00415ec940e9151bdfdeb47c83759282a9f92ffcf1fd70fcc42b5718	assets/pokemon-animation-cards/kanto-source-trs-v1/dex-025__form-00__gender-male__palette-normal__admission.json	verified-render
25	pikachu	base	male	shiny	assets/pokemon-animation-cards/kanto-source-trs-v1/dex-025__form-00__gender-male__palette-shiny__idle-8x4.png	assets/pokemon-animation-cards/kanto-source-trs-v1/dex-025__form-00__gender-male__palette-shiny__walk-8x4.png	assets/pokemon-animation-cards/kanto-source-trs-v1/dex-025__form-00__gender-male__palette-shiny__runtime.png	rc31-original-trs-v1:pm0025_00:00:male:shiny	8	1.133333444595337	8	1	256	256	17	47	239	210	128	203.0879120462723	150	14	16	8f5775f914c54392f83916b18fc91ef0919ba7a56f46644db7a34caddc75284c	802add204eaf7c49d3564ce00dbe7b124a5d5b2b1b24db510401a2f5f7a02dcb	7c9a871c0786f9b0127bf22a72b9f1f8145217af25fe8706aa8a88a6fcd2ae6c	assets/pokemon-animation-cards/kanto-source-trs-v1/dex-025__form-00__gender-male__palette-shiny__admission.json	verified-render
65	alakazam	base	none	normal	assets/pokemon-animation-cards/kanto-source-trs-v1/dex-065__form-00__gender-none__palette-normal__idle-8x4.png	assets/pokemon-animation-cards/kanto-source-trs-v1/dex-065__form-00__gender-none__palette-normal__walk-8x4.png	assets/pokemon-animation-cards/kanto-source-trs-v1/dex-065__form-00__gender-none__palette-normal__runtime.png	rc31-original-trs-v1:pm0065_00:00:none:normal	8	2.500000238418579	8	2.3333334922790527	256	256	28	24	228	233	128	223.74316727210055	162	15	16	51fd96734bdf8fa835b8f69efc250d4a3f19d636b42ba21e38e4a83fd937d438	c06c131693479c0f65b8cdf77dbc69465d3dc5cd8c15cfac9902c8ee0b4e70bc	539f4fb3b81e6e3a7c6f184cd287d193f59822bebf1b3a6d638735fc9083c858	assets/pokemon-animation-cards/kanto-source-trs-v1/dex-065__form-00__gender-none__palette-normal__admission.json	verified-render
65	alakazam	base	none	shiny	assets/pokemon-animation-cards/kanto-source-trs-v1/dex-065__form-00__gender-none__palette-shiny__idle-8x4.png	assets/pokemon-animation-cards/kanto-source-trs-v1/dex-065__form-00__gender-none__palette-shiny__walk-8x4.png	assets/pokemon-animation-cards/kanto-source-trs-v1/dex-065__form-00__gender-none__palette-shiny__runtime.png	rc31-original-trs-v1:pm0065_00:00:none:shiny	8	2.500000238418579	8	2.3333334922790527	256	256	28	24	228	233	128	223.74316727210055	162	15	16	895b986750ef2c1aeb31cc56c33a9343725236bb27848ff4631e8dc43f0d1af8	3d5e8dc6d53c923de02929d6a5113539206cd92a0bec9a4f6fc89ab5ab8b2ff5	8d67a624fd8fadd1838c145c7d4a7ec2f16cbfafbc747578b4333a831b999e5f	assets/pokemon-animation-cards/kanto-source-trs-v1/dex-065__form-00__gender-none__palette-shiny__admission.json	verified-render
1	bulbasaur	base	none	normal	assets/pokemon-animation-cards/rc31-kanto-001-025-static-v1/dex-001__form-00__gender-none__palette-normal__idle-8x4.png	assets/pokemon-animation-cards/rc31-kanto-001-025-static-v1/dex-001__form-00__gender-none__palette-normal__walk-8x4.png	assets/pokemon-animation-cards/rc31-kanto-001-025-static-v1/dex-001__form-00__gender-none__palette-normal__runtime.png	rc31-original-trs-v1:pm0001_00:00:none:normal	8	1.4000000953674316	8	1	256	256	17	45	239	213	128	203.57475027096584	167	15	16	8ed40d5a56ace8cd792c4003f2d8326ce955bc81e69f8464a6415251f9100ecc	bc14d798f82b2efed6ebfb6b2bbf1ab2a77570c3e46aff386945c34230eea2da	12f333037d2c0abfe897d89f86ac13ed8a7a9449d462a3731786decef34243ae	assets/pokemon-animation-cards/rc31-kanto-001-025-static-v1/dex-001__form-00__gender-none__palette-normal__admission.json	verified-render
1	bulbasaur	base	none	shiny	assets/pokemon-animation-cards/rc31-kanto-001-025-static-v1/dex-001__form-00__gender-none__palette-shiny__idle-8x4.png	assets/pokemon-animation-cards/rc31-kanto-001-025-static-v1/dex-001__form-00__gender-none__palette-shiny__walk-8x4.png	assets/pokemon-animation-cards/rc31-kanto-001-025-static-v1/dex-001__form-00__gender-none__palette-shiny__runtime.png	rc31-original-trs-v1:pm0001_00:00:none:shiny	8	1.4000000953674316	8	1	256	256	17	45	239	213	128	203.57475027096584	167	15	16	aa418b1354d43886f513b3b7f2ce2f223a2381c5225f105b13c523253d22c3be	7c236135a08012b5d65cef8b9e3254df0661a6e1b534d4e494157dd7dfaafafd	84c58831adbdc9f9c79d14d236ac9eedce12d43160e750fa3172c4f8b5794fc4	assets/pokemon-animation-cards/rc31-kanto-001-025-static-v1/dex-001__form-00__gender-none__palette-shiny__admission.json	verified-render
2	ivysaur	base	none	normal	assets/pokemon-animation-cards/rc31-kanto-001-025-static-v1/dex-002__form-00__gender-none__palette-normal__idle-8x4.png	assets/pokemon-animation-cards/rc31-kanto-001-025-static-v1/dex-002__form-00__gender-none__palette-normal__walk-8x4.png	assets/pokemon-animation-cards/rc31-kanto-001-025-static-v1/dex-002__form-00__gender-none__palette-normal__runtime.png	rc31-original-trs-v1:pm0002_00:00:none:normal	8	1.6666667461395264	8	1.3333333730697632	256	256	17	48	239	212	128	200.64988388491915	159	15	12	149c402bcc7528e81143e7d6c047fe5e9dd37836cf6bd32de58e8f5246ea38d7	0538c5db53f4f67c832362781cf60962204df01259d3fbed80cd037c834c5aaf	10fb87f82c222ee2603134f2363e24d400a5d6f0ccd8045a35e655e0c6cd1e1b	assets/pokemon-animation-cards/rc31-kanto-001-025-static-v1/dex-002__form-00__gender-none__palette-normal__admission.json	verified-render
2	ivysaur	base	none	shiny	assets/pokemon-animation-cards/rc31-kanto-001-025-static-v1/dex-002__form-00__gender-none__palette-shiny__idle-8x4.png	assets/pokemon-animation-cards/rc31-kanto-001-025-static-v1/dex-002__form-00__gender-none__palette-shiny__walk-8x4.png	assets/pokemon-animation-cards/rc31-kanto-001-025-static-v1/dex-002__form-00__gender-none__palette-shiny__runtime.png	rc31-original-trs-v1:pm0002_00:00:none:shiny	8	1.6666667461395264	8	1.3333333730697632	256	256	17	48	239	212	128	200.64988388491915	159	15	12	b16151b56fcaf0129d010d5f8f11aae19a2a7f419484e3e1979eca7f668347f8	31f2827094f7f8ef02469a64c81c8b9c3fd71cdfc1813bb238bea8f032e4f9a4	cc7394c99dccb7b99cebd1e32b033cc2b625ec09d5328498a3325fd0433f58ed	assets/pokemon-animation-cards/rc31-kanto-001-025-static-v1/dex-002__form-00__gender-none__palette-shiny__admission.json	verified-render
3	venusaur	base	none	normal	assets/pokemon-animation-cards/rc31-kanto-001-025-static-v1/dex-003__form-00__gender-none__palette-normal__idle-8x4.png	assets/pokemon-animation-cards/rc31-kanto-001-025-static-v1/dex-003__form-00__gender-none__palette-normal__walk-8x4.png	assets/pokemon-animation-cards/rc31-kanto-001-025-static-v1/dex-003__form-00__gender-none__palette-normal__runtime.png	rc31-original-trs-v1:pm0003_00:00:none:normal	8	2	8	1.3333333730697632	256	256	17	56	239	206	128	194.01820328665474	143	15	11	fb67bb969524a0994d398ec9a3dbe4c4722ca7b5e50fc8407a1db8efec7d8935	31732815f207bb8458bc1505b2a7699794414bb53be10acec9aa50f6428c89df	7aa7613c2b601e1e0cb228514db659520c7b5f495e1022eb7f0991fd256a580b	assets/pokemon-animation-cards/rc31-kanto-001-025-static-v1/dex-003__form-00__gender-none__palette-normal__admission.json	verified-render
3	venusaur	base	none	shiny	assets/pokemon-animation-cards/rc31-kanto-001-025-static-v1/dex-003__form-00__gender-none__palette-shiny__idle-8x4.png	assets/pokemon-animation-cards/rc31-kanto-001-025-static-v1/dex-003__form-00__gender-none__palette-shiny__walk-8x4.png	assets/pokemon-animation-cards/rc31-kanto-001-025-static-v1/dex-003__form-00__gender-none__palette-shiny__runtime.png	rc31-original-trs-v1:pm0003_00:00:none:shiny	8	2	8	1.3333333730697632	256	256	17	56	239	206	128	194.01820328665474	143	15	11	541002bb5e434c3bb60bcaff73d1f535daa817fa9d32b759f1ddbddf2509d880	666075e24561b6ddbf8ec2759de4478cc51dc17bd4ca278f2bcffe68e7ea89b8	a40a5e12608ce38299b2f5c19847994b0d8aa10ee80873de7db20be7892ae127	assets/pokemon-animation-cards/rc31-kanto-001-025-static-v1/dex-003__form-00__gender-none__palette-shiny__admission.json	verified-render
4	charmander	base	none	normal	assets/pokemon-animation-cards/rc31-kanto-001-025-static-v1/dex-004__form-00__gender-none__palette-normal__idle-8x4.png	assets/pokemon-animation-cards/rc31-kanto-001-025-static-v1/dex-004__form-00__gender-none__palette-normal__walk-8x4.png	assets/pokemon-animation-cards/rc31-kanto-001-025-static-v1/dex-004__form-00__gender-none__palette-normal__runtime.png	rc31-original-trs-v1:pm0004_00:00:none:normal	8	1.1666667461395264	8	1	256	256	21	56	235	198	128	191.0153200276699	132	15	16	e89a0734b918e20d26d0e27cb2a461dd7d2c5d706c218f3e7aec930feb48234a	9150c0c6619eb7208ae62108aa75ec91ce3cec225231d50fddf8f21873230649	d73c633c4c662f29ee3664c81b2a79d5f5ba2c373a85b11399f98d3c49bf4185	assets/pokemon-animation-cards/rc31-kanto-001-025-static-v1/dex-004__form-00__gender-none__palette-normal__admission.json	verified-render
4	charmander	base	none	shiny	assets/pokemon-animation-cards/rc31-kanto-001-025-static-v1/dex-004__form-00__gender-none__palette-shiny__idle-8x4.png	assets/pokemon-animation-cards/rc31-kanto-001-025-static-v1/dex-004__form-00__gender-none__palette-shiny__walk-8x4.png	assets/pokemon-animation-cards/rc31-kanto-001-025-static-v1/dex-004__form-00__gender-none__palette-shiny__runtime.png	rc31-original-trs-v1:pm0004_00:00:none:shiny	8	1.1666667461395264	8	1	256	256	21	56	235	198	128	191.0153200276699	132	15	16	6b78f11071deddb693839b3c6424e6100ffecaea7a7058314a6503998c072ec4	e91a86985e82bf13bf430ddb4e7a338fd242d1d0166d2a693a377e1345223abd	c569231d9b949e3444d04ac7f43fe6327fabf66a6b0f5ac77b4a96dea173b27e	assets/pokemon-animation-cards/rc31-kanto-001-025-static-v1/dex-004__form-00__gender-none__palette-shiny__admission.json	verified-render
5	charmeleon	base	none	normal	assets/pokemon-animation-cards/rc31-kanto-001-025-static-v1/dex-005__form-00__gender-none__palette-normal__idle-8x4.png	assets/pokemon-animation-cards/rc31-kanto-001-025-static-v1/dex-005__form-00__gender-none__palette-normal__walk-8x4.png	assets/pokemon-animation-cards/rc31-kanto-001-025-static-v1/dex-005__form-00__gender-none__palette-normal__runtime.png	rc31-original-trs-v1:pm0005_00:00:none:normal	8	2	8	1	256	256	19	67	235	189	128	182.1315521575187	120	15	16	1470da187c6314cb3c02fd7176d3ccff5b49f131d12b2468bb30e4b429256438	ddda822334c004f7fe59cdb1baf3eb58400d90e70d994ecb1c2c6cb29364bb95	df250a65900627197a5d31a3d5c724ad98e430fca370af5e601946d472b47471	assets/pokemon-animation-cards/rc31-kanto-001-025-static-v1/dex-005__form-00__gender-none__palette-normal__admission.json	verified-render
5	charmeleon	base	none	shiny	assets/pokemon-animation-cards/rc31-kanto-001-025-static-v1/dex-005__form-00__gender-none__palette-shiny__idle-8x4.png	assets/pokemon-animation-cards/rc31-kanto-001-025-static-v1/dex-005__form-00__gender-none__palette-shiny__walk-8x4.png	assets/pokemon-animation-cards/rc31-kanto-001-025-static-v1/dex-005__form-00__gender-none__palette-shiny__runtime.png	rc31-original-trs-v1:pm0005_00:00:none:shiny	8	2	8	1	256	256	19	67	235	189	128	182.1315521575187	120	15	16	a3d69e4b6d7e45697fac0c44094dd6157f7a76628770c26c2a05919f87503cd5	1dddb14e5b8adc95ee03e2c66e6d9c25b957fb0c8bdb425e0d1303757269ab2a	3aa7a64a89896c25e8912cfb26d921e9e808b4aec5e2f857f35bc925c798368c	assets/pokemon-animation-cards/rc31-kanto-001-025-static-v1/dex-005__form-00__gender-none__palette-shiny__admission.json	verified-render
7	squirtle	base	none	normal	assets/pokemon-animation-cards/rc31-kanto-001-025-static-v1/dex-007__form-00__gender-none__palette-normal__idle-8x4.png	assets/pokemon-animation-cards/rc31-kanto-001-025-static-v1/dex-007__form-00__gender-none__palette-normal__walk-8x4.png	assets/pokemon-animation-cards/rc31-kanto-001-025-static-v1/dex-007__form-00__gender-none__palette-normal__runtime.png	rc31-original-trs-v1:pm0007_00:00:none:normal	8	1	8	0.8000000715255737	256	256	17	29	239	226	128	216.39727973761077	190	15	16	c78e94d9c7fb5f908d85b0f85bd125dd6d223948dadb5593147df3c2d7fc3b5a	9e608741ce518459d10391f1e9bf5f6409cf88b6bbc05559d0953f28094cbd8d	fc83ebf447d0ea5acfbb438f869a4408f5f4eb59c15c22d04300bbe57b19422c	assets/pokemon-animation-cards/rc31-kanto-001-025-static-v1/dex-007__form-00__gender-none__palette-normal__admission.json	verified-render
7	squirtle	base	none	shiny	assets/pokemon-animation-cards/rc31-kanto-001-025-static-v1/dex-007__form-00__gender-none__palette-shiny__idle-8x4.png	assets/pokemon-animation-cards/rc31-kanto-001-025-static-v1/dex-007__form-00__gender-none__palette-shiny__walk-8x4.png	assets/pokemon-animation-cards/rc31-kanto-001-025-static-v1/dex-007__form-00__gender-none__palette-shiny__runtime.png	rc31-original-trs-v1:pm0007_00:00:none:shiny	8	1	8	0.8000000715255737	256	256	17	29	239	226	128	216.39727973761077	190	15	16	ad2212566db2b47e040068ebaa9036706a104858b9440e197446b2226a6de43b	fcba903204c9cca2487cbe5a2e7d976d9832f3c2ec8872dd7c20067c08790a28	fdf17d5deaa72a52a6948e8917220073bcda80b5a25441a42c8c54a6aee00413	assets/pokemon-animation-cards/rc31-kanto-001-025-static-v1/dex-007__form-00__gender-none__palette-shiny__admission.json	verified-render
8	wartortle	base	none	normal	assets/pokemon-animation-cards/rc31-kanto-001-025-static-v1/dex-008__form-00__gender-none__palette-normal__idle-8x4.png	assets/pokemon-animation-cards/rc31-kanto-001-025-static-v1/dex-008__form-00__gender-none__palette-normal__walk-8x4.png	assets/pokemon-animation-cards/rc31-kanto-001-025-static-v1/dex-008__form-00__gender-none__palette-normal__runtime.png	rc31-original-trs-v1:pm0008_00:00:none:normal	8	1.0666667222976685	8	1	256	256	29	26	227	232	128	221.08913662565192	188	15	16	7e9575d5d26e884aff864edf1f12219f2e9d88548791fac6ecaf02305b822c4f	c693df34d3d83cccb3318a416a8423cfe73e27e66c74f74f18303d581a4d8ef9	973a6548a7fef297c792d14e9005304adb76ea99ae18477ec630bd411b3bf6f9	assets/pokemon-animation-cards/rc31-kanto-001-025-static-v1/dex-008__form-00__gender-none__palette-normal__admission.json	verified-render
8	wartortle	base	none	shiny	assets/pokemon-animation-cards/rc31-kanto-001-025-static-v1/dex-008__form-00__gender-none__palette-shiny__idle-8x4.png	assets/pokemon-animation-cards/rc31-kanto-001-025-static-v1/dex-008__form-00__gender-none__palette-shiny__walk-8x4.png	assets/pokemon-animation-cards/rc31-kanto-001-025-static-v1/dex-008__form-00__gender-none__palette-shiny__runtime.png	rc31-original-trs-v1:pm0008_00:00:none:shiny	8	1.0666667222976685	8	1	256	256	29	26	227	232	128	221.08913662565192	188	15	16	6a3b3bf233b4ae74ad00165d954e3cd6dd8eff44ae6f04001c3b171fd1ce56c9	0028a09c6f9b5435758aa718071fedafcefd8893c0fe402e74d8d08a71fb55fc	a19e79d8ed51ac909e6d540f6cdf0a79b60842cac95ea787d6d7e7ac8d143d5a	assets/pokemon-animation-cards/rc31-kanto-001-025-static-v1/dex-008__form-00__gender-none__palette-shiny__admission.json	verified-render
9	blastoise	base	none	normal	assets/pokemon-animation-cards/rc31-controller-six-v4/dex-009__form-00__gender-none__palette-normal__idle-8x4.png	assets/pokemon-animation-cards/rc31-controller-six-v4/dex-009__form-00__gender-none__palette-normal__walk-8x4.png	assets/pokemon-animation-cards/rc31-controller-six-v4/dex-009__form-00__gender-none__palette-normal__runtime.png	rc31-original-full-hierarchy-body-v3:pm0009_00:00:none:normal	8	2.6666667461395264	8	1.3333333730697632	256	256	17	44	239	216	128	204.84057286212484	162.13127420258309	15	14	fc2b1dd07ea2db666a5ac07e6c142ecb53b46e2bd7c8a73a35909cecb8d9c6f8	5b0bff99b4c3630256a8e27991601f05e9f5aa9e2d683d281b3b490f9ec14d4e	77b8bfdb467df5e19d8aa40b5d24c71e1fbad819e7314b60a5c54f32679c33fd	assets/pokemon-animation-cards/rc31-controller-six-v4/dex-009__form-00__gender-none__palette-normal__admission.json	verified-render
9	blastoise	base	none	shiny	assets/pokemon-animation-cards/rc31-controller-six-v4/dex-009__form-00__gender-none__palette-shiny__idle-8x4.png	assets/pokemon-animation-cards/rc31-controller-six-v4/dex-009__form-00__gender-none__palette-shiny__walk-8x4.png	assets/pokemon-animation-cards/rc31-controller-six-v4/dex-009__form-00__gender-none__palette-shiny__runtime.png	rc31-original-full-hierarchy-body-v3:pm0009_00:00:none:shiny	8	2.6666667461395264	8	1.3333333730697632	256	256	17	44	239	216	128	204.84057286212484	162.13127420258309	15	14	13ebb10f411787ced893fb203d479170ba7304d2304122785b723ad0940440a6	b52616d22c693f20c8c41d629d01525f96f7e706c8c3a1200dfbf1c11e6e0309	9b90905d16aab714399ccef430898578c3d49c3733694209a70f0bc694735e1a	assets/pokemon-animation-cards/rc31-controller-six-v4/dex-009__form-00__gender-none__palette-shiny__admission.json	verified-render
10	caterpie	base	none	normal	assets/pokemon-animation-cards/rc31-kanto-001-025-static-v1/dex-010__form-00__gender-none__palette-normal__idle-8x4.png	assets/pokemon-animation-cards/rc31-kanto-001-025-static-v1/dex-010__form-00__gender-none__palette-normal__walk-8x4.png	assets/pokemon-animation-cards/rc31-kanto-001-025-static-v1/dex-010__form-00__gender-none__palette-normal__runtime.png	rc31-original-trs-v1:pm0010_00:00:none:normal	8	1.6666667461395264	8	1	256	256	17	68	239	190	128	179.89195555266124	114	15	16	df1f6f0e9c8f210dab4b3c5f88aaa8549da6e34dcae96b36ac7a1bea28cd4ff6	85f8ad6612371ce63c14d31c16bdfb0971d1c667fee43853b4fb08b01cd392b6	fa0d545fc38bb1135bde0a7002c120a13935c13723bf87ba8a8b930823b6b873	assets/pokemon-animation-cards/rc31-kanto-001-025-static-v1/dex-010__form-00__gender-none__palette-normal__admission.json	verified-render
10	caterpie	base	none	shiny	assets/pokemon-animation-cards/rc31-kanto-001-025-static-v1/dex-010__form-00__gender-none__palette-shiny__idle-8x4.png	assets/pokemon-animation-cards/rc31-kanto-001-025-static-v1/dex-010__form-00__gender-none__palette-shiny__walk-8x4.png	assets/pokemon-animation-cards/rc31-kanto-001-025-static-v1/dex-010__form-00__gender-none__palette-shiny__runtime.png	rc31-original-trs-v1:pm0010_00:00:none:shiny	8	1.6666667461395264	8	1	256	256	17	68	239	190	128	179.89195555266124	114	15	16	8aa41fd0492d87f89d5a204fae03ada0cf3ebcb658f3051ad23e7f3e9953dfe5	086ea3986affab6f5b68005446d412ec3d9817b84bf558a9f26ae64fbeb0bc23	11b80f60c11a842ac3206ab9da6df5f214459cc929103ef19038b2ce26210a1a	assets/pokemon-animation-cards/rc31-kanto-001-025-static-v1/dex-010__form-00__gender-none__palette-shiny__admission.json	verified-render
11	metapod	base	none	normal	assets/pokemon-animation-cards/rc31-kanto-001-025-static-v1/dex-011__form-00__gender-none__palette-normal__idle-8x4.png	assets/pokemon-animation-cards/rc31-kanto-001-025-static-v1/dex-011__form-00__gender-none__palette-normal__walk-8x4.png	assets/pokemon-animation-cards/rc31-kanto-001-025-static-v1/dex-011__form-00__gender-none__palette-normal__runtime.png	rc31-original-trs-v1:pm0011_00:00:none:normal	8	2	8	1.0666667222976685	256	256	17	35	239	227	128	212.75559154015127	167	15	16	d9ce476e4a87b56db848ed223f030ebeff162b221e2fb43493ecf26d54cb4f3b	213893b4db0302fc46dd1c42385ea1506b6676ae6dde172b7fa1d7b8c7f22040	86ecad6bd02fe35b0569969d1027b6d629731932d4b2fae2385c8bf6614c4ab5	assets/pokemon-animation-cards/rc31-kanto-001-025-static-v1/dex-011__form-00__gender-none__palette-normal__admission.json	verified-render
11	metapod	base	none	shiny	assets/pokemon-animation-cards/rc31-kanto-001-025-static-v1/dex-011__form-00__gender-none__palette-shiny__idle-8x4.png	assets/pokemon-animation-cards/rc31-kanto-001-025-static-v1/dex-011__form-00__gender-none__palette-shiny__walk-8x4.png	assets/pokemon-animation-cards/rc31-kanto-001-025-static-v1/dex-011__form-00__gender-none__palette-shiny__runtime.png	rc31-original-trs-v1:pm0011_00:00:none:shiny	8	2	8	1.0666667222976685	256	256	17	35	239	227	128	212.75559154015127	167	15	16	540b8e8d67d708e714ec3508b3a93cc0820f5c08b819ca2bd6fac3b022b57c24	e12f6eef61f6d6c8cd7c80aa16daf5e8021a86ae8df41c45490b41eb73da67b2	ef9e74a464e26ce010d841ca0ac7a46610d5233c567a4406535a39c139110c31	assets/pokemon-animation-cards/rc31-kanto-001-025-static-v1/dex-011__form-00__gender-none__palette-shiny__admission.json	verified-render
12	butterfree	base	none	normal	assets/pokemon-animation-cards/rc31-kanto-001-025-static-v1/dex-012__form-00__gender-none__palette-normal__idle-8x4.png	assets/pokemon-animation-cards/rc31-kanto-001-025-static-v1/dex-012__form-00__gender-none__palette-normal__walk-8x4.png	assets/pokemon-animation-cards/rc31-kanto-001-025-static-v1/dex-012__form-00__gender-none__palette-normal__runtime.png	rc31-original-trs-body-v2:pm0012_00:00:none:normal	8	2.133333444595337	8	1	256	256	25	21	231	229	128	273.8785194206258	140.47027020110488	15	16	b226860400bb58566030ea721ad6f5ada81bac3ed0914da352b7c6e3d4ecb036	9edf5aa0110cf3743811ce0a808c4955a41d289489d27e2cfc65638c2c0bc818	064a30c263bcb1f64c53d44f2b0eb8cb12a65cc1e816d3cf7d33122caa1d3ee0	assets/pokemon-animation-cards/rc31-kanto-001-025-static-v1/dex-012__form-00__gender-none__palette-normal__flight-body-v2-admission.json	verified-render
12	butterfree	base	none	shiny	assets/pokemon-animation-cards/rc31-kanto-001-025-static-v1/dex-012__form-00__gender-none__palette-shiny__idle-8x4.png	assets/pokemon-animation-cards/rc31-kanto-001-025-static-v1/dex-012__form-00__gender-none__palette-shiny__walk-8x4.png	assets/pokemon-animation-cards/rc31-kanto-001-025-static-v1/dex-012__form-00__gender-none__palette-shiny__runtime.png	rc31-original-trs-body-v2:pm0012_00:00:none:shiny	8	2.133333444595337	8	1	256	256	25	21	231	229	128	273.8785194206258	140.47027020110488	15	16	8cabae27e83fd03063f4ab3bc6e311b6ab9dd8fbca0d4167d93c94112514a1f2	23c1af397f374aae1f568b418fd9b4a55408d131c78843bf770ab4f94f4544b7	90328e33bc4bf6a635f0b1681123d3df797f5ab61033757e69ac89f72f8dee02	assets/pokemon-animation-cards/rc31-kanto-001-025-static-v1/dex-012__form-00__gender-none__palette-shiny__flight-body-v2-admission.json	verified-render
13	weedle	base	none	normal	assets/pokemon-animation-cards/rc31-kanto-001-025-static-v1/dex-013__form-00__gender-none__palette-normal__idle-8x4.png	assets/pokemon-animation-cards/rc31-kanto-001-025-static-v1/dex-013__form-00__gender-none__palette-normal__walk-8x4.png	assets/pokemon-animation-cards/rc31-kanto-001-025-static-v1/dex-013__form-00__gender-none__palette-normal__runtime.png	rc31-original-trs-v1:pm0013_00:00:none:normal	8	2	8	1	256	256	17	71	239	190	128	179.02618550806883	111	15	16	a07c76d33bd9ca11860b1e5dbefe8af5f6ce28cf55b6bbc4c1e89251fb997e99	8d8cf2527586daa08b884d7ecbbc303a74c3aaea7507ff4eb07f6791e4332306	aec9ab26fe78b09211b5717346f8a26e8d91cb5583272f704d8da30704dbd865	assets/pokemon-animation-cards/rc31-kanto-001-025-static-v1/dex-013__form-00__gender-none__palette-normal__admission.json	verified-render
13	weedle	base	none	shiny	assets/pokemon-animation-cards/rc31-kanto-001-025-static-v1/dex-013__form-00__gender-none__palette-shiny__idle-8x4.png	assets/pokemon-animation-cards/rc31-kanto-001-025-static-v1/dex-013__form-00__gender-none__palette-shiny__walk-8x4.png	assets/pokemon-animation-cards/rc31-kanto-001-025-static-v1/dex-013__form-00__gender-none__palette-shiny__runtime.png	rc31-original-trs-v1:pm0013_00:00:none:shiny	8	2	8	1	256	256	17	71	239	190	128	179.02618550806883	111	15	16	fba1528a344bbb1a49151c4c743c6734d5968177a39e5ae9f372efd36868fc02	620f627a7a790ae90ce0ab5a113cec86b788310cfb739b40cbc50aec9514ab7e	556ce2ad46e4eda5f1d007170585005637e8ad4c17f181f2337d4e0df6ffe2fc	assets/pokemon-animation-cards/rc31-kanto-001-025-static-v1/dex-013__form-00__gender-none__palette-shiny__admission.json	verified-render
14	kakuna	base	none	normal	assets/pokemon-animation-cards/rc31-kanto-001-025-static-v1/dex-014__form-00__gender-none__palette-normal__idle-8x4.png	assets/pokemon-animation-cards/rc31-kanto-001-025-static-v1/dex-014__form-00__gender-none__palette-normal__walk-8x4.png	assets/pokemon-animation-cards/rc31-kanto-001-025-static-v1/dex-014__form-00__gender-none__palette-normal__runtime.png	rc31-original-trs-v1:pm0014_00:00:none:normal	8	2.500000238418579	8	0.5	256	256	68	23	188	233	128	228.75559883764947	160	9	16	d7f89dcca01b0a803c48b74b036d6a1f9faf89a4378fd5d93dd420526249f0c4	bf367cab68b62f741ba5bb5c1d565fbd1e8748223937866dbab54a35d1d99018	0cc8e8198e4824c5be2ea19c35f2b4712583fd22ce71fd73c786c5721c958b26	assets/pokemon-animation-cards/rc31-kanto-001-025-static-v1/dex-014__form-00__gender-none__palette-normal__admission.json	verified-render
14	kakuna	base	none	shiny	assets/pokemon-animation-cards/rc31-kanto-001-025-static-v1/dex-014__form-00__gender-none__palette-shiny__idle-8x4.png	assets/pokemon-animation-cards/rc31-kanto-001-025-static-v1/dex-014__form-00__gender-none__palette-shiny__walk-8x4.png	assets/pokemon-animation-cards/rc31-kanto-001-025-static-v1/dex-014__form-00__gender-none__palette-shiny__runtime.png	rc31-original-trs-v1:pm0014_00:00:none:shiny	8	2.500000238418579	8	0.5	256	256	68	23	188	233	128	228.75559883764947	160	9	16	5fb45822638c01547b9762cb988996c6f0b7593e9e0cb4fdd7905e2e37b53024	765a6ea4478007ae997f10a4e9c848b32228ec3c46dbce3d717e973d8b04b9a5	218856732ed73dc59af31618b5def4f014110c3466bd070f1be09811c50a7406	assets/pokemon-animation-cards/rc31-kanto-001-025-static-v1/dex-014__form-00__gender-none__palette-shiny__admission.json	verified-render
16	pidgey	base	none	normal	assets/pokemon-animation-cards/rc31-pidgey-visibility-v2/dex-016__form-00__gender-none__palette-normal__idle-8x4.png	assets/pokemon-animation-cards/rc31-pidgey-visibility-v2/dex-016__form-00__gender-none__palette-normal__walk-8x4.png	assets/pokemon-animation-cards/rc31-pidgey-visibility-v2/dex-016__form-00__gender-none__palette-normal__runtime.png	rc31-original-trs-wing-hierarchy-body-v3:pm0016_00:00:none:normal	8	0.5333333611488342	8	0.40000003576278687	256	256	19	27	237	230	128	370.199050607403	104.99580416080082	10	16	26865104286dbd5bb470d23e0d03247aa133d18c9f8ead0d20c36a091c795488	b59382de520865cd24dccdbc4cc55c81beb9865c1c6e83f3b9bb93bdd17f3f37	36199cf5ab76b58cb0fb4e3f337efa4bdcc9c3b2cc121ad35dfe60d4201f056c	assets/pokemon-animation-cards/rc31-pidgey-visibility-v2/dex-016__form-00__gender-none__palette-normal__admission.json	verified-render
16	pidgey	base	none	shiny	assets/pokemon-animation-cards/rc31-pidgey-visibility-v2/dex-016__form-00__gender-none__palette-shiny__idle-8x4.png	assets/pokemon-animation-cards/rc31-pidgey-visibility-v2/dex-016__form-00__gender-none__palette-shiny__walk-8x4.png	assets/pokemon-animation-cards/rc31-pidgey-visibility-v2/dex-016__form-00__gender-none__palette-shiny__runtime.png	rc31-original-trs-wing-hierarchy-body-v3:pm0016_00:00:none:shiny	8	0.5333333611488342	8	0.40000003576278687	256	256	19	27	237	230	128	370.199050607403	104.99580416080082	10	16	da2b34712e79ac9a27cb5eeeb7243104e85c64d189849de7dcea1b216ae2fe61	c553db531308507b7bd01142099dc4c9af91662604be58609bcb4c9a6b4d5a7d	4c1a1107a1b522fa1cd0d5bfb7d6951bc4392a9fa144dd75249ab2c75276d60e	assets/pokemon-animation-cards/rc31-pidgey-visibility-v2/dex-016__form-00__gender-none__palette-shiny__admission.json	verified-render
17	pidgeotto	base	none	normal	assets/pokemon-animation-cards/rc31-controller-six-v4/dex-017__form-00__gender-none__palette-normal__idle-8x4.png	assets/pokemon-animation-cards/rc31-controller-six-v4/dex-017__form-00__gender-none__palette-normal__walk-8x4.png	assets/pokemon-animation-cards/rc31-controller-six-v4/dex-017__form-00__gender-none__palette-normal__runtime.png	rc31-original-full-hierarchy-body-v3:pm0017_00:00:none:normal	8	0.6666666865348816	8	0.5333333611488342	256	256	17	31	239	221	128	230.6770915408332	106.81561574532186	15	12	bc311d0fafd1c498318c46147854aff0cae300a90006034bab0c3902b1356310	ec2b87d2c651b65b4e7a67549330d3777731d9068ea95902feae68e03453f8b3	a2ddc28ebd205a54aa18fc9d7f3653290f47abe1d4330d7000acb7999fbbdc7c	assets/pokemon-animation-cards/rc31-controller-six-v4/dex-017__form-00__gender-none__palette-normal__admission.json	verified-render
17	pidgeotto	base	none	shiny	assets/pokemon-animation-cards/rc31-controller-six-v4/dex-017__form-00__gender-none__palette-shiny__idle-8x4.png	assets/pokemon-animation-cards/rc31-controller-six-v4/dex-017__form-00__gender-none__palette-shiny__walk-8x4.png	assets/pokemon-animation-cards/rc31-controller-six-v4/dex-017__form-00__gender-none__palette-shiny__runtime.png	rc31-original-full-hierarchy-body-v3:pm0017_00:00:none:shiny	8	0.6666666865348816	8	0.5333333611488342	256	256	17	31	239	221	128	230.6770915408332	106.81561574532186	15	12	f7b542d47b0dbc84d3656e4166eef49741cee05d456d64aa337d00ac1ac58751	a62a19bb61ab92dc35b98909191aaf32d86a6ea05b3e38126af80afb272a37b2	1f3ad5699fd4127cb11172c84579cf2d3fceb3a4fb131a5d3151860d44a1d1e6	assets/pokemon-animation-cards/rc31-controller-six-v4/dex-017__form-00__gender-none__palette-shiny__admission.json	verified-render
18	pidgeot	base	none	normal	assets/pokemon-animation-cards/rc31-controller-six-v4/dex-018__form-00__gender-none__palette-normal__idle-8x4.png	assets/pokemon-animation-cards/rc31-controller-six-v4/dex-018__form-00__gender-none__palette-normal__walk-8x4.png	assets/pokemon-animation-cards/rc31-controller-six-v4/dex-018__form-00__gender-none__palette-normal__runtime.png	rc31-original-full-hierarchy-body-v3:pm0018_00:00:none:normal	8	1.8000000715255737	8	0.6666666865348816	256	256	27	26	229	232	128	242.19156553472055	127.47050251434557	15	16	315fea3f2ded6c929dbdc1fc6d66501ee5d0e474458aee1bb07c71fd7123d82e	f6fa938b1975f36e60b90f358ba05eca073e812b88a4cbe825be8d0110a42587	cac04c0a2e6f824f0cfa9a23c237e0a10855fe4bce28930a69f155a6a0950e58	assets/pokemon-animation-cards/rc31-controller-six-v4/dex-018__form-00__gender-none__palette-normal__admission.json	verified-render
18	pidgeot	base	none	shiny	assets/pokemon-animation-cards/rc31-controller-six-v4/dex-018__form-00__gender-none__palette-shiny__idle-8x4.png	assets/pokemon-animation-cards/rc31-controller-six-v4/dex-018__form-00__gender-none__palette-shiny__walk-8x4.png	assets/pokemon-animation-cards/rc31-controller-six-v4/dex-018__form-00__gender-none__palette-shiny__runtime.png	rc31-original-full-hierarchy-body-v3:pm0018_00:00:none:shiny	8	1.8000000715255737	8	0.6666666865348816	256	256	27	26	229	232	128	242.19156553472055	127.47050251434557	15	16	13cd0c5f0e431eb6c71ee7058f76f9cfbfd3009e2c6f35bef05bb5344a158177	9c2c2bfcc9a045916000a045e80921bfb542f63ad586ed288acf7e865454c2d1	c5872b976a5e9649a5b18658f32681eaf88f10f1ba5aeb6c28f0ee5874856412	assets/pokemon-animation-cards/rc31-controller-six-v4/dex-018__form-00__gender-none__palette-shiny__admission.json	verified-render
19	rattata	base	none	normal	assets/pokemon-animation-cards/rc31-kanto-001-025-static-v1/dex-019__form-00__gender-none__palette-normal__idle-8x4.png	assets/pokemon-animation-cards/rc31-kanto-001-025-static-v1/dex-019__form-00__gender-none__palette-normal__walk-8x4.png	assets/pokemon-animation-cards/rc31-kanto-001-025-static-v1/dex-019__form-00__gender-none__palette-normal__runtime.png	rc31-original-trs-v1:pm0019_00:00:none:normal	8	0.8666667342185974	8	0.6666666865348816	256	256	17	49	239	207	128	197.69322886069745	149	15	16	2f4b49b95b0173e01ef5e730693456af58301207c75826eac7e5cd1cb211ae9f	6a97f953ce4cf3344bcae4c788e19936f415f60f745bc9c177b2754208521a6b	19553cbf29f0dbbefc04ad1c9c1b290b5248b5b16e6b92e8f756e6b9c623d08c	assets/pokemon-animation-cards/rc31-kanto-001-025-static-v1/dex-019__form-00__gender-none__palette-normal__admission.json	verified-render
19	rattata	base	none	shiny	assets/pokemon-animation-cards/rc31-kanto-001-025-static-v1/dex-019__form-00__gender-none__palette-shiny__idle-8x4.png	assets/pokemon-animation-cards/rc31-kanto-001-025-static-v1/dex-019__form-00__gender-none__palette-shiny__walk-8x4.png	assets/pokemon-animation-cards/rc31-kanto-001-025-static-v1/dex-019__form-00__gender-none__palette-shiny__runtime.png	rc31-original-trs-v1:pm0019_00:00:none:shiny	8	0.8666667342185974	8	0.6666666865348816	256	256	17	49	239	207	128	197.69322886069745	149	15	16	097599b66f03b38285086598f359724bd5452e2078b15398b8d88900b6765509	3607bc58c6474cddd9601619be219b071dd4d6a2e6839df14bf4df191b28ca4f	ce1c838dcab8867cfb266ab2a243f57432a27f6670dae50b95fee0a06eee0d58	assets/pokemon-animation-cards/rc31-kanto-001-025-static-v1/dex-019__form-00__gender-none__palette-shiny__admission.json	verified-render
20	raticate	base	none	normal	assets/pokemon-animation-cards/rc31-kanto-001-025-static-v1/dex-020__form-00__gender-none__palette-normal__idle-8x4.png	assets/pokemon-animation-cards/rc31-kanto-001-025-static-v1/dex-020__form-00__gender-none__palette-normal__walk-8x4.png	assets/pokemon-animation-cards/rc31-kanto-001-025-static-v1/dex-020__form-00__gender-none__palette-normal__runtime.png	rc31-original-trs-v1:pm0020_00:00:none:normal	8	2.066666841506958	8	0.8000000715255737	256	256	17	69	239	188	128	180.08119711302547	102	15	16	44ec736aba988a2174b2f252e257a86413bca27946e7f9eab1a91866fef36efc	d495f56ec0932b5fba9decfb8bca7d9cd9bf9e5be8063de27bd9f32d1b0f8adb	959ac931bd9b8811ec4a6b4bd4a18c6f1ab610eb1be7ce976171f1258f12d4f7	assets/pokemon-animation-cards/rc31-kanto-001-025-static-v1/dex-020__form-00__gender-none__palette-normal__admission.json	verified-render
20	raticate	base	none	shiny	assets/pokemon-animation-cards/rc31-kanto-001-025-static-v1/dex-020__form-00__gender-none__palette-shiny__idle-8x4.png	assets/pokemon-animation-cards/rc31-kanto-001-025-static-v1/dex-020__form-00__gender-none__palette-shiny__walk-8x4.png	assets/pokemon-animation-cards/rc31-kanto-001-025-static-v1/dex-020__form-00__gender-none__palette-shiny__runtime.png	rc31-original-trs-v1:pm0020_00:00:none:shiny	8	2.066666841506958	8	0.8000000715255737	256	256	17	69	239	188	128	180.08119711302547	102	15	16	d2ecb40beb2637b3e2873f85213e12829b2fd0db43c481e925fdf551d2db62db	714fdd08c747b0a4b736416856e9868717aff45960cfa54c3363272ae4e0605f	1899cceecdbcba31c85091557d47feb95f0fc3bfa1be2d1d431833a41aee758a	assets/pokemon-animation-cards/rc31-kanto-001-025-static-v1/dex-020__form-00__gender-none__palette-shiny__admission.json	verified-render
21	spearow	base	none	normal	assets/pokemon-animation-cards/rc31-controller-six-v4/dex-021__form-00__gender-none__palette-normal__idle-8x4.png	assets/pokemon-animation-cards/rc31-controller-six-v4/dex-021__form-00__gender-none__palette-normal__walk-8x4.png	assets/pokemon-animation-cards/rc31-controller-six-v4/dex-021__form-00__gender-none__palette-normal__runtime.png	rc31-original-full-hierarchy-body-v3:pm0021_00:00:none:normal	8	0.5333333611488342	8	0.40000003576278687	256	256	17	27	239	227	128	361.6084453900196	101.32206727375515	12	16	116b8fec235cb106bb25e7a976b619ab3dcad64d49b1ed703d7d251e42ccd586	8106faf4c02609f0d1362a5a640d683be74c629a783c807c0a2d0ab01c5d43c8	7296569aa52e0d011449fc0da8cbb5ba4165428cd7485f4c65c8295fe8582504	assets/pokemon-animation-cards/rc31-controller-six-v4/dex-021__form-00__gender-none__palette-normal__admission.json	verified-render
21	spearow	base	none	shiny	assets/pokemon-animation-cards/rc31-controller-six-v4/dex-021__form-00__gender-none__palette-shiny__idle-8x4.png	assets/pokemon-animation-cards/rc31-controller-six-v4/dex-021__form-00__gender-none__palette-shiny__walk-8x4.png	assets/pokemon-animation-cards/rc31-controller-six-v4/dex-021__form-00__gender-none__palette-shiny__runtime.png	rc31-original-full-hierarchy-body-v3:pm0021_00:00:none:shiny	8	0.5333333611488342	8	0.40000003576278687	256	256	17	27	239	227	128	361.6084453900196	101.32206727375515	12	16	463f3515c7f638aaa2830166a3da29efe82abaeac6fafbee1f5b54a9a3916530	176ffb7bbb6a1c32a5cac4018542937f49608f87e32de7c6572f2dc24e365939	1f51f8d35ed5ecacd8a4038867302df4dcbc97ed703f37718b57efa6d6db1915	assets/pokemon-animation-cards/rc31-controller-six-v4/dex-021__form-00__gender-none__palette-shiny__admission.json	verified-render
22	fearow	base	none	normal	assets/pokemon-animation-cards/rc31-kanto-001-025-static-v1/dex-022__form-00__gender-none__palette-normal__idle-8x4.png	assets/pokemon-animation-cards/rc31-kanto-001-025-static-v1/dex-022__form-00__gender-none__palette-normal__walk-8x4.png	assets/pokemon-animation-cards/rc31-kanto-001-025-static-v1/dex-022__form-00__gender-none__palette-normal__runtime.png	rc31-original-trs-body-v2:pm0022_00:00:none:normal	8	1.6666667461395264	8	0.7666667103767395	256	256	24	23	232	232	128	229.5530280666368	83.93438919122505	15	10	a087fc234f9e80449f2ce6ff3cb4db0b38e2b060804bb93b658a6c04948888cd	f96973459353649ed3ca919b428b653025400c2266bc046d151898fb0a50fec2	bf5a32d1cab5fa110a010e42bca32d0cbda5997e3a451d7f6781c6f281d8f74e	assets/pokemon-animation-cards/rc31-kanto-001-025-static-v1/dex-022__form-00__gender-none__palette-normal__flight-body-v2-admission.json	verified-render
22	fearow	base	none	shiny	assets/pokemon-animation-cards/rc31-kanto-001-025-static-v1/dex-022__form-00__gender-none__palette-shiny__idle-8x4.png	assets/pokemon-animation-cards/rc31-kanto-001-025-static-v1/dex-022__form-00__gender-none__palette-shiny__walk-8x4.png	assets/pokemon-animation-cards/rc31-kanto-001-025-static-v1/dex-022__form-00__gender-none__palette-shiny__runtime.png	rc31-original-trs-body-v2:pm0022_00:00:none:shiny	8	1.6666667461395264	8	0.7666667103767395	256	256	24	23	232	232	128	229.5530280666368	83.93438919122505	15	10	65635677dfaff3b769e905654aa1646227e6d19f7ce97b1b434a3fddcaa91e9d	f7bf2de37004600468e9dd5a859b7586d20f0ebd9dcfd9deddd078ccb3a03d3d	c6a7a7671c0f54bc9edadbb5092e06e08c6583be48e7c24d6b2f522390667442	assets/pokemon-animation-cards/rc31-kanto-001-025-static-v1/dex-022__form-00__gender-none__palette-shiny__flight-body-v2-admission.json	verified-render
24	arbok	base	none	normal	assets/pokemon-animation-cards/rc31-kanto-001-025-static-v1/dex-024__form-00__gender-none__palette-normal__idle-8x4.png	assets/pokemon-animation-cards/rc31-kanto-001-025-static-v1/dex-024__form-00__gender-none__palette-normal__walk-8x4.png	assets/pokemon-animation-cards/rc31-kanto-001-025-static-v1/dex-024__form-00__gender-none__palette-normal__runtime.png	rc31-original-trs-v1:pm0024_00:00:none:normal	8	2.6666667461395264	8	1	256	256	17	70	239	194	128	179.7817063283237	120	15	16	63ec2fbbb03428f19c76e0c5c4d9ce67ccc9e21ad3487075371d444c2a973389	e911e2217cc057ca723d86303e07a0c0dc68a3c793e57a19cdb2d42464f4c5b9	788f5dc01a13d8adb2db32aeabf165d7decc84e25be64673a668ab9380459d2b	assets/pokemon-animation-cards/rc31-kanto-001-025-static-v1/dex-024__form-00__gender-none__palette-normal__admission.json	verified-render
24	arbok	base	none	shiny	assets/pokemon-animation-cards/rc31-kanto-001-025-static-v1/dex-024__form-00__gender-none__palette-shiny__idle-8x4.png	assets/pokemon-animation-cards/rc31-kanto-001-025-static-v1/dex-024__form-00__gender-none__palette-shiny__walk-8x4.png	assets/pokemon-animation-cards/rc31-kanto-001-025-static-v1/dex-024__form-00__gender-none__palette-shiny__runtime.png	rc31-original-trs-v1:pm0024_00:00:none:shiny	8	2.6666667461395264	8	1	256	256	17	70	239	194	128	179.7817063283237	120	15	16	e07575528e9f72ec63bac993e33d405452859b54b21585c0fada8fe18a80e0c5	64a1b4e0f78e66e74f6e72c7cb7f6a7ac7523a13066b4f1b032c282ca4da80e2	ab63f7324adf1b980c4d9799183a4125b541c832dbb499f3cdb422faf88df7d1	assets/pokemon-animation-cards/rc31-kanto-001-025-static-v1/dex-024__form-00__gender-none__palette-shiny__admission.json	verified-render
26	raichu	base	none	normal	assets/pokemon-animation-cards/rc31-kanto-026-050/dex-026__form-00__gender-none__palette-normal__idle-8x4.png	assets/pokemon-animation-cards/rc31-kanto-026-050/dex-026__form-00__gender-none__palette-normal__walk-8x4.png	assets/pokemon-animation-cards/rc31-kanto-026-050/dex-026__form-00__gender-none__palette-normal__runtime.png	rc31-original-trs-body-v2:pm0026_00:00:none:normal	8	1	8	1	256	256	18	22	238	231	128	222.12219602832545	129.62078088775866	14	16	af3bc4a129728449c429715c23b188e0af47c4f9ee8be9483277ad47edc5e6c0	ca62815456eb76641638abe3f612b9ab938f8d7acd65f2cbb442e34cec0aa3d2	d8932bf6e128131b1b4e3db9ffa64fa03c54ba93ac83b11cf2547fa9e61a04ce	assets/pokemon-animation-cards/rc31-kanto-026-050/dex-026__form-00__gender-none__palette-normal__body-v2-admission.json	verified-render
26	raichu	base	none	shiny	assets/pokemon-animation-cards/rc31-kanto-026-050/dex-026__form-00__gender-none__palette-shiny__idle-8x4.png	assets/pokemon-animation-cards/rc31-kanto-026-050/dex-026__form-00__gender-none__palette-shiny__walk-8x4.png	assets/pokemon-animation-cards/rc31-kanto-026-050/dex-026__form-00__gender-none__palette-shiny__runtime.png	rc31-original-trs-body-v2:pm0026_00:00:none:shiny	8	1	8	1	256	256	18	22	238	231	128	222.12219602832545	129.62078088775866	14	16	024d58e816d200b73ea71bd2ae18a6144ead3ab9688892834ca07a787030bbc4	3a36b1854d5c97d0677fff3b172ba28dc8d2e2b549e2f6b531677f981dcb489c	6d8ee70c14e00888aac1056541d36d7252f0ab5b715f38a3438c1e512263127d	assets/pokemon-animation-cards/rc31-kanto-026-050/dex-026__form-00__gender-none__palette-shiny__body-v2-admission.json	verified-render
27	sandshrew	base	none	normal	assets/pokemon-animation-cards/rc31-controller-six-v4/dex-027__form-00__gender-none__palette-normal__idle-8x4.png	assets/pokemon-animation-cards/rc31-controller-six-v4/dex-027__form-00__gender-none__palette-normal__walk-8x4.png	assets/pokemon-animation-cards/rc31-controller-six-v4/dex-027__form-00__gender-none__palette-normal__runtime.png	rc31-original-full-hierarchy-body-v3:pm0027_00:00:none:normal	8	1	8	1.133333444595337	256	256	17	55	239	201	128	192.90727851958442	134.51048941627482	15	16	28e17d29e2291143218b0a967f151cbd2e10b35fc345c3af50360bca608f18d4	e4312f5d281acbae067546694825645ef26ae189d6914d671927f2a4bee8a3d1	8441989a2f81d7d29aaab620ceee47eff8a9a908cc5071270647c90db07a8c55	assets/pokemon-animation-cards/rc31-controller-six-v4/dex-027__form-00__gender-none__palette-normal__admission.json	verified-render
27	sandshrew	base	none	shiny	assets/pokemon-animation-cards/rc31-controller-six-v4/dex-027__form-00__gender-none__palette-shiny__idle-8x4.png	assets/pokemon-animation-cards/rc31-controller-six-v4/dex-027__form-00__gender-none__palette-shiny__walk-8x4.png	assets/pokemon-animation-cards/rc31-controller-six-v4/dex-027__form-00__gender-none__palette-shiny__runtime.png	rc31-original-full-hierarchy-body-v3:pm0027_00:00:none:shiny	8	1	8	1.133333444595337	256	256	17	55	239	201	128	192.90727851958442	134.51048941627482	15	16	ccf601ea50a21cace5803a247d465d244a9e911a7a144c1fbf304b6fb28c4612	32e86998176ebce5030efafe20afd27e9ce87f9fc39ae333c5a275ce5b787e8f	0c0b3d9823a31a114030eb42ddccd7e1f635dff1f11173a1d7ff58dadd7e7c8e	assets/pokemon-animation-cards/rc31-controller-six-v4/dex-027__form-00__gender-none__palette-shiny__admission.json	verified-render
28	sandslash	base	none	normal	assets/pokemon-animation-cards/rc31-controller-six-v4/dex-028__form-00__gender-none__palette-normal__idle-8x4.png	assets/pokemon-animation-cards/rc31-controller-six-v4/dex-028__form-00__gender-none__palette-normal__walk-8x4.png	assets/pokemon-animation-cards/rc31-controller-six-v4/dex-028__form-00__gender-none__palette-normal__runtime.png	rc31-original-full-hierarchy-body-v3:pm0028_00:00:none:normal	8	1.6000001430511475	8	1	256	256	17	45	239	216	128	205.56600353599242	163.42726176755122	15	16	3a84eadfce84609a1d00f1914a1c8dd6be7c40c63ac5b8d95e40f1f044795dae	cc99bd1fe3b18c628de68363d7c60a8e91bdda679f90e6fdefe97b1040735efa	fe3fdab960bb02b5251f9c62137c3229fcf48b1b7cb090658404f765c4ff89e3	assets/pokemon-animation-cards/rc31-controller-six-v4/dex-028__form-00__gender-none__palette-normal__admission.json	verified-render
28	sandslash	base	none	shiny	assets/pokemon-animation-cards/rc31-controller-six-v4/dex-028__form-00__gender-none__palette-shiny__idle-8x4.png	assets/pokemon-animation-cards/rc31-controller-six-v4/dex-028__form-00__gender-none__palette-shiny__walk-8x4.png	assets/pokemon-animation-cards/rc31-controller-six-v4/dex-028__form-00__gender-none__palette-shiny__runtime.png	rc31-original-full-hierarchy-body-v3:pm0028_00:00:none:shiny	8	1.6000001430511475	8	1	256	256	17	45	239	216	128	205.56600353599242	163.42726176755122	15	16	2a2b675ac905732f2797116cf265fba5e2ef582e4be1aac72b92a9aa2a1acbdd	dfa131bc6665eacd92dfbd817363853aa9adf395e42eb3284f80e8ed8a1523ce	83cf9bea486a7656b932bab081a947aa6dd3148c9ef5a830cd9e586da894a7a9	assets/pokemon-animation-cards/rc31-controller-six-v4/dex-028__form-00__gender-none__palette-shiny__admission.json	verified-render
29	nidoranf	base	none	normal	assets/pokemon-animation-cards/rc31-kanto-026-050/dex-029__form-00__gender-none__palette-normal__idle-8x4.png	assets/pokemon-animation-cards/rc31-kanto-026-050/dex-029__form-00__gender-none__palette-normal__walk-8x4.png	assets/pokemon-animation-cards/rc31-kanto-026-050/dex-029__form-00__gender-none__palette-normal__runtime.png	rc31-original-trs-v1:pm0029_00:00:none:normal	8	2.133333444595337	8	0.6666666865348816	256	256	17	40	239	215	128	202.9280020580262	169	15	15	d3df8941629035cc772d95a97599b3f19ff87d50b35868136fe6367361bb113a	cff3477f498d6f4c30a96dae48845f0a2a75930b07c0c1cbb9cb54ddac7eddab	6566c676f4a3df4bdce117c020010850ad6ecc55f860bffb87b4db4d5a18e4e4	assets/pokemon-animation-cards/rc31-kanto-026-050/dex-029__form-00__gender-none__palette-normal__admission.json	verified-render
29	nidoranf	base	none	shiny	assets/pokemon-animation-cards/rc31-kanto-026-050/dex-029__form-00__gender-none__palette-shiny__idle-8x4.png	assets/pokemon-animation-cards/rc31-kanto-026-050/dex-029__form-00__gender-none__palette-shiny__walk-8x4.png	assets/pokemon-animation-cards/rc31-kanto-026-050/dex-029__form-00__gender-none__palette-shiny__runtime.png	rc31-original-trs-v1:pm0029_00:00:none:shiny	8	2.133333444595337	8	0.6666666865348816	256	256	17	40	239	215	128	202.9280020580262	169	15	15	672a25d720c827f7bfe893e4b9c7a2ac5285fbdf6523929f1914cb536bc56e6c	49b3f1dc343568420632f418933704f3ada1314c230a24dfbe327ede992e65b5	522d6ee6be4a73a6635ae91ce9e074f5d3f22eacc5942a28bd86ef5d7913bf28	assets/pokemon-animation-cards/rc31-kanto-026-050/dex-029__form-00__gender-none__palette-shiny__admission.json	verified-render
30	nidorina	base	none	normal	assets/pokemon-animation-cards/rc31-kanto-026-050/dex-030__form-00__gender-none__palette-normal__idle-8x4.png	assets/pokemon-animation-cards/rc31-kanto-026-050/dex-030__form-00__gender-none__palette-normal__walk-8x4.png	assets/pokemon-animation-cards/rc31-kanto-026-050/dex-030__form-00__gender-none__palette-normal__runtime.png	rc31-original-trs-v1:pm0030_00:00:none:normal	8	1.3333333730697632	8	0.7000000476837158	256	256	17	52	239	203	128	192.1924257757727	145	15	16	4a7da4f776e2416fedea0334a68d3577c76997c9b64d78bace7f200aa57a1a68	00836a840f39a2ed8c7b8e191a99a5d16b0e8d09abbbbe6d1fd4446dc4c70591	deb7ef64eda181fed016784a14c01d0b29295eed7fe765e90b789f93cb0b70b9	assets/pokemon-animation-cards/rc31-kanto-026-050/dex-030__form-00__gender-none__palette-normal__admission.json	verified-render
30	nidorina	base	none	shiny	assets/pokemon-animation-cards/rc31-kanto-026-050/dex-030__form-00__gender-none__palette-shiny__idle-8x4.png	assets/pokemon-animation-cards/rc31-kanto-026-050/dex-030__form-00__gender-none__palette-shiny__walk-8x4.png	assets/pokemon-animation-cards/rc31-kanto-026-050/dex-030__form-00__gender-none__palette-shiny__runtime.png	rc31-original-trs-v1:pm0030_00:00:none:shiny	8	1.3333333730697632	8	0.7000000476837158	256	256	17	52	239	203	128	192.1924257757727	145	15	16	e6f56fd4fdc8ca4df63b668428db44a6ea9433676d2f42010e93febf4419be12	427807bbfe7da338ed9ffd11d23690ed4d632358ca9832e068ba01f8abef7b8f	fec1812a311d096d373c6deffe80665a5bcd49719fda0655c96b03260ca7ed48	assets/pokemon-animation-cards/rc31-kanto-026-050/dex-030__form-00__gender-none__palette-shiny__admission.json	verified-render
31	nidoqueen	base	none	normal	assets/pokemon-animation-cards/rc31-kanto-026-050/dex-031__form-00__gender-none__palette-normal__idle-8x4.png	assets/pokemon-animation-cards/rc31-kanto-026-050/dex-031__form-00__gender-none__palette-normal__walk-8x4.png	assets/pokemon-animation-cards/rc31-kanto-026-050/dex-031__form-00__gender-none__palette-normal__runtime.png	rc31-original-trs-v1:pm0031_00:00:none:normal	8	1.6666667461395264	8	1.2666667699813843	256	256	17	46	239	213	128	202.60202128796652	164	15	16	f7993e837495557a4301da84a042a1a898854538d96070422ea9cdd0649750dc	81d358e2705b220ef5094d98485c8284e433bf28b33cab6a9f909caada41d66e	b507900244297f14d44cf3f24da82e224ac988440751ec7b62c1a07219988b95	assets/pokemon-animation-cards/rc31-kanto-026-050/dex-031__form-00__gender-none__palette-normal__admission.json	verified-render
31	nidoqueen	base	none	shiny	assets/pokemon-animation-cards/rc31-kanto-026-050/dex-031__form-00__gender-none__palette-shiny__idle-8x4.png	assets/pokemon-animation-cards/rc31-kanto-026-050/dex-031__form-00__gender-none__palette-shiny__walk-8x4.png	assets/pokemon-animation-cards/rc31-kanto-026-050/dex-031__form-00__gender-none__palette-shiny__runtime.png	rc31-original-trs-v1:pm0031_00:00:none:shiny	8	1.6666667461395264	8	1.2666667699813843	256	256	17	46	239	213	128	202.60202128796652	164	15	16	4cf6c24b0392e3eafe89c3b8aaffede44d3b0a4a10793f334170f190f99961bc	33dfc76a453747ed15586bccacde931215f1776964a39cbc4232d369932b91b2	79572fc1847db0da6cc7f0f86f1d917daca942810b2c91fd2a160f2ac74aa0b0	assets/pokemon-animation-cards/rc31-kanto-026-050/dex-031__form-00__gender-none__palette-shiny__admission.json	verified-render
32	nidoranm	base	none	normal	assets/pokemon-animation-cards/rc31-kanto-026-050/dex-032__form-00__gender-none__palette-normal__idle-8x4.png	assets/pokemon-animation-cards/rc31-kanto-026-050/dex-032__form-00__gender-none__palette-normal__walk-8x4.png	assets/pokemon-animation-cards/rc31-kanto-026-050/dex-032__form-00__gender-none__palette-normal__runtime.png	rc31-original-trs-v1:pm0032_00:00:none:normal	8	1.6666667461395264	8	0.7333333492279053	256	256	17	53	239	201	128	191.31713848900677	141	15	16	57f76f24cf43983233e87d3b959e72f6e51437642a9f029f9e8865bd1644b214	a40ba15101f10e065b6200f055ac5e35efb565438514ee9c2f9da986ff65d3e1	123afefcce1179fb25cff48feb1c777a3e43901bcfc4f650f5239cbf18ef5f82	assets/pokemon-animation-cards/rc31-kanto-026-050/dex-032__form-00__gender-none__palette-normal__admission.json	verified-render
32	nidoranm	base	none	shiny	assets/pokemon-animation-cards/rc31-kanto-026-050/dex-032__form-00__gender-none__palette-shiny__idle-8x4.png	assets/pokemon-animation-cards/rc31-kanto-026-050/dex-032__form-00__gender-none__palette-shiny__walk-8x4.png	assets/pokemon-animation-cards/rc31-kanto-026-050/dex-032__form-00__gender-none__palette-shiny__runtime.png	rc31-original-trs-v1:pm0032_00:00:none:shiny	8	1.6666667461395264	8	0.7333333492279053	256	256	17	53	239	201	128	191.31713848900677	141	15	16	3535d594e758a7bec662be15efbf7b8bbf173aeda6ae53e082b325e17b584f50	99c3d3b1a2d151fce0810532674b32e06bbc295abeb4495b1bbfc63283200293	c787dfa8561659437747285761ecd9dde6d3dfa8cc415fdc45082ab31fac5282	assets/pokemon-animation-cards/rc31-kanto-026-050/dex-032__form-00__gender-none__palette-shiny__admission.json	verified-render
33	nidorino	base	none	normal	assets/pokemon-animation-cards/rc31-kanto-026-050/dex-033__form-00__gender-none__palette-normal__idle-8x4.png	assets/pokemon-animation-cards/rc31-kanto-026-050/dex-033__form-00__gender-none__palette-normal__walk-8x4.png	assets/pokemon-animation-cards/rc31-kanto-026-050/dex-033__form-00__gender-none__palette-normal__runtime.png	rc31-original-trs-v1:pm0033_00:00:none:normal	8	1.6666667461395264	8	0.8333333730697632	256	256	17	70	239	190	128	180.4906484404315	117	15	13	5d545472fc4cf76cad2c069f2759ec5da5db49c072102708dde73769afc5b005	53c012a8aa8fca01c5ca699a96e19ed28fbdfcfe4b1965d9c6a8fce6a5a01aab	9fd0df6952e8e3e4f4719281fa57b834e06f649743b0932bbbc439d35b988a48	assets/pokemon-animation-cards/rc31-kanto-026-050/dex-033__form-00__gender-none__palette-normal__admission.json	verified-render
33	nidorino	base	none	shiny	assets/pokemon-animation-cards/rc31-kanto-026-050/dex-033__form-00__gender-none__palette-shiny__idle-8x4.png	assets/pokemon-animation-cards/rc31-kanto-026-050/dex-033__form-00__gender-none__palette-shiny__walk-8x4.png	assets/pokemon-animation-cards/rc31-kanto-026-050/dex-033__form-00__gender-none__palette-shiny__runtime.png	rc31-original-trs-v1:pm0033_00:00:none:shiny	8	1.6666667461395264	8	0.8333333730697632	256	256	17	70	239	190	128	180.4906484404315	117	15	13	db29ad1b8bd296297659e26f05f1228a4128b6941514fee65df3673edece56e2	dd1b1a4f36a7e651c7e56db17a0cc1504bfdb2e3cc8e6a80d5dc01c5428c4ab5	d6c9fff537f356767820d4b664bfa32bf91f36313d130678d29e1dd5be349d6f	assets/pokemon-animation-cards/rc31-kanto-026-050/dex-033__form-00__gender-none__palette-shiny__admission.json	verified-render
34	nidoking	base	none	normal	assets/pokemon-animation-cards/rc31-kanto-026-050/dex-034__form-00__gender-none__palette-normal__idle-8x4.png	assets/pokemon-animation-cards/rc31-kanto-026-050/dex-034__form-00__gender-none__palette-normal__walk-8x4.png	assets/pokemon-animation-cards/rc31-kanto-026-050/dex-034__form-00__gender-none__palette-normal__runtime.png	rc31-original-trs-v1:pm0034_00:00:none:normal	8	1.4000000953674316	8	1.3333333730697632	256	256	17	57	239	200	128	186.49881181705254	133	15	16	10057e8a08ad4dfab78849d0b85fa5f665f3a942fb7c17ecc455f7abb502ae78	b1a2b071a316689d5c620f2268fc347c1d204a604f2d34a877e1390116e6cd8b	8ff5f4c2f7e6545b73683e6285a1febfd6cb3c82f4761e235d3abd2bfe3a1111	assets/pokemon-animation-cards/rc31-kanto-026-050/dex-034__form-00__gender-none__palette-normal__admission.json	verified-render
34	nidoking	base	none	shiny	assets/pokemon-animation-cards/rc31-kanto-026-050/dex-034__form-00__gender-none__palette-shiny__idle-8x4.png	assets/pokemon-animation-cards/rc31-kanto-026-050/dex-034__form-00__gender-none__palette-shiny__walk-8x4.png	assets/pokemon-animation-cards/rc31-kanto-026-050/dex-034__form-00__gender-none__palette-shiny__runtime.png	rc31-original-trs-v1:pm0034_00:00:none:shiny	8	1.4000000953674316	8	1.3333333730697632	256	256	17	57	239	200	128	186.49881181705254	133	15	16	84825e983b08e87a65ac31c45874da8b4bee245d83567dee9036fa228d3d1103	47ae1aa2d7cf83bca408efb8b0f0bb4ca560819655c739369192a0c21da8c845	404bed120adcce8d9fe13ebd6cf1a21a45164f4f5292a13cfe31b0b762cb562d	assets/pokemon-animation-cards/rc31-kanto-026-050/dex-034__form-00__gender-none__palette-shiny__admission.json	verified-render
35	clefairy	base	none	normal	assets/pokemon-animation-cards/rc31-kanto-026-050/dex-035__form-00__gender-none__palette-normal__idle-8x4.png	assets/pokemon-animation-cards/rc31-kanto-026-050/dex-035__form-00__gender-none__palette-normal__walk-8x4.png	assets/pokemon-animation-cards/rc31-kanto-026-050/dex-035__form-00__gender-none__palette-normal__runtime.png	rc31-original-trs-v1:pm0035_00:00:none:normal	8	1.3333333730697632	8	1	256	256	17	53	239	201	128	194.74938541891933	142	15	15	422e0ffadb74068f224c8a0e1860ce8cf9648674e48e7260e735717784d20910	c041ad5a5b19751ca79d0338f04068b49b00628b104411b291a2b95f99874ad1	ae13536626f4bf5e73ed2510bddbb54d828d549f8c7e9334efb2b29809d703bf	assets/pokemon-animation-cards/rc31-kanto-026-050/dex-035__form-00__gender-none__palette-normal__admission.json	verified-render
35	clefairy	base	none	shiny	assets/pokemon-animation-cards/rc31-kanto-026-050/dex-035__form-00__gender-none__palette-shiny__idle-8x4.png	assets/pokemon-animation-cards/rc31-kanto-026-050/dex-035__form-00__gender-none__palette-shiny__walk-8x4.png	assets/pokemon-animation-cards/rc31-kanto-026-050/dex-035__form-00__gender-none__palette-shiny__runtime.png	rc31-original-trs-v1:pm0035_00:00:none:shiny	8	1.3333333730697632	8	1	256	256	17	53	239	201	128	194.74938541891933	142	15	15	6876bd96dbd0e6c341b743c43c3d28809eebaf1eed12ce220266d8c2c67c645a	2752fba45f80240955d8989b9a7ac39626826f8913e5db44a320e8d951f71d67	229d191368b0afc67f9f591d7138a6190c64772700ab127d94b6c77087b80056	assets/pokemon-animation-cards/rc31-kanto-026-050/dex-035__form-00__gender-none__palette-shiny__admission.json	verified-render
36	clefable	base	none	normal	assets/pokemon-animation-cards/rc31-kanto-026-050/dex-036__form-00__gender-none__palette-normal__idle-8x4.png	assets/pokemon-animation-cards/rc31-kanto-026-050/dex-036__form-00__gender-none__palette-normal__walk-8x4.png	assets/pokemon-animation-cards/rc31-kanto-026-050/dex-036__form-00__gender-none__palette-normal__runtime.png	rc31-original-trs-v1:pm0036_00:00:none:normal	8	1.3333333730697632	8	0.8333333730697632	256	256	17	36	239	216	128	209.3655209186812	170	15	16	7c6e6335c13f2bb80ee9efa93974d311707a48aa59ec9284f49b48989f05a950	5f04f218d6cc03c6c9b127d66cbffc83638e6d9d36dbf26e926921671a369dc1	17252176c18acd5e7d481b2439a867b64a0ca711e5629397821bbc63a43aa377	assets/pokemon-animation-cards/rc31-kanto-026-050/dex-036__form-00__gender-none__palette-normal__admission.json	verified-render
36	clefable	base	none	shiny	assets/pokemon-animation-cards/rc31-kanto-026-050/dex-036__form-00__gender-none__palette-shiny__idle-8x4.png	assets/pokemon-animation-cards/rc31-kanto-026-050/dex-036__form-00__gender-none__palette-shiny__walk-8x4.png	assets/pokemon-animation-cards/rc31-kanto-026-050/dex-036__form-00__gender-none__palette-shiny__runtime.png	rc31-original-trs-v1:pm0036_00:00:none:shiny	8	1.3333333730697632	8	0.8333333730697632	256	256	17	36	239	216	128	209.3655209186812	170	15	16	67a795d264891533229eacd83d854d39009079b583810d321c7c323b72588020	0012688897512b527ae13dc0935c5357bcae1eaecdbce2c1ed7a95500315ae33	41dc3730483c2df3aa2e73ebe0443b9a7b28c97008a5067655d518488b509cef	assets/pokemon-animation-cards/rc31-kanto-026-050/dex-036__form-00__gender-none__palette-shiny__admission.json	verified-render
37	vulpix	base	none	normal	assets/pokemon-animation-cards/rc31-kanto-026-050/dex-037__form-00__gender-none__palette-normal__idle-8x4.png	assets/pokemon-animation-cards/rc31-kanto-026-050/dex-037__form-00__gender-none__palette-normal__walk-8x4.png	assets/pokemon-animation-cards/rc31-kanto-026-050/dex-037__form-00__gender-none__palette-normal__runtime.png	rc31-original-trs-body-v2:pm0037_00:00:none:normal	8	1.3333333730697632	8	0.8000000715255737	256	256	17	46	239	208	128	197.34151626559105	138.69591753275796	15	14	14ae5952fbfb714317d728508e3ec4f814b967da71601389ea7c74c9163df43e	906e0f021e517b55c6537070985928dbc994adb253dd02ca5d6af67bbe7ce6d2	14fd06c4d8c4f74f4dcd01872797461116518b6a4d76f51a63c02e4233b6f389	assets/pokemon-animation-cards/rc31-kanto-026-050/dex-037__form-00__gender-none__palette-normal__body-v2-admission.json	verified-render
37	vulpix	base	none	shiny	assets/pokemon-animation-cards/rc31-kanto-026-050/dex-037__form-00__gender-none__palette-shiny__idle-8x4.png	assets/pokemon-animation-cards/rc31-kanto-026-050/dex-037__form-00__gender-none__palette-shiny__walk-8x4.png	assets/pokemon-animation-cards/rc31-kanto-026-050/dex-037__form-00__gender-none__palette-shiny__runtime.png	rc31-original-trs-body-v2:pm0037_00:00:none:shiny	8	1.3333333730697632	8	0.8000000715255737	256	256	17	46	239	208	128	197.34151626559105	138.69591753275796	15	14	8e4fa326b15f8db75a3c1ce4055ea17e912d2e8c7caa18203be88ffa2dbcae41	3ce45ede9fe8b3732ff6f8e1f51c750ff7fa78142055ba285de263e5c3ed5bda	4e653dcb68bd0c7422dfd14656503eab4b35693a98ac50af8ad9b24e75cfa7d1	assets/pokemon-animation-cards/rc31-kanto-026-050/dex-037__form-00__gender-none__palette-shiny__body-v2-admission.json	verified-render
38	ninetales	base	none	normal	assets/pokemon-animation-cards/rc31-kanto-026-050/dex-038__form-00__gender-none__palette-normal__idle-8x4.png	assets/pokemon-animation-cards/rc31-kanto-026-050/dex-038__form-00__gender-none__palette-normal__walk-8x4.png	assets/pokemon-animation-cards/rc31-kanto-026-050/dex-038__form-00__gender-none__palette-normal__runtime.png	rc31-original-trs-body-v2:pm0038_00:00:none:normal	8	2	8	1	256	256	17	54	239	204	128	190.6861572412532	122.93039839126374	15	14	cb97b1229fe9d152b2e1168f6adda6e37498eccbaf6d6af1a20c3b9affb3fec7	483b672cbeaf8e405af5e7132af10a37a0ad6f731d8f93dd478c803b1210e1b9	e2d499fa7c25274f9e55562b282876260fb2e1eb4eae0372e1cbcde7babb9e79	assets/pokemon-animation-cards/rc31-kanto-026-050/dex-038__form-00__gender-none__palette-normal__body-v2-admission.json	verified-render
38	ninetales	base	none	shiny	assets/pokemon-animation-cards/rc31-kanto-026-050/dex-038__form-00__gender-none__palette-shiny__idle-8x4.png	assets/pokemon-animation-cards/rc31-kanto-026-050/dex-038__form-00__gender-none__palette-shiny__walk-8x4.png	assets/pokemon-animation-cards/rc31-kanto-026-050/dex-038__form-00__gender-none__palette-shiny__runtime.png	rc31-original-trs-body-v2:pm0038_00:00:none:shiny	8	2	8	1	256	256	17	54	239	204	128	190.6861572412532	122.93039839126374	15	14	1076ca0a86d44fb3d7efdad64db2353752123b2b26ef52528dc103b657833765	0ed337bf69a17b05e2de132074b51ca07051080c2ecdada0c2161fbf25db6481	f667a0e366b2881ac582a187dbc3de0eecfa5e2964f9c17a8ee7c025aa505346	assets/pokemon-animation-cards/rc31-kanto-026-050/dex-038__form-00__gender-none__palette-shiny__body-v2-admission.json	verified-render
44	gloom	base	none	normal	assets/pokemon-animation-cards/rc31-kanto-026-050/dex-044__form-00__gender-none__palette-normal__idle-8x4.png	assets/pokemon-animation-cards/rc31-kanto-026-050/dex-044__form-00__gender-none__palette-normal__walk-8x4.png	assets/pokemon-animation-cards/rc31-kanto-026-050/dex-044__form-00__gender-none__palette-normal__runtime.png	rc31-original-trs-v1:pm0044_00:00:none:normal	8	1.2666667699813843	8	1.3333333730697632	256	256	17	23	239	229	128	218.83549723902274	186	15	16	d6863ac93b26e41d0f1e357cbeb23ddd566f4014ec880c1a8607979005785432	4ec5b23110d8ad7cfdb19b905c8e72b0e96b838ffc2e7a597cb7fba5702b676a	56d4428102de9c0df89a7e69f54bc9ef79984d00358fc48909369d9af6dc5360	assets/pokemon-animation-cards/rc31-kanto-026-050/dex-044__form-00__gender-none__palette-normal__admission.json	verified-render
44	gloom	base	none	shiny	assets/pokemon-animation-cards/rc31-kanto-026-050/dex-044__form-00__gender-none__palette-shiny__idle-8x4.png	assets/pokemon-animation-cards/rc31-kanto-026-050/dex-044__form-00__gender-none__palette-shiny__walk-8x4.png	assets/pokemon-animation-cards/rc31-kanto-026-050/dex-044__form-00__gender-none__palette-shiny__runtime.png	rc31-original-trs-v1:pm0044_00:00:none:shiny	8	1.2666667699813843	8	1.3333333730697632	256	256	17	23	239	229	128	218.83549723902274	186	15	16	53f2af5dd7cce890733358791ef564c5cd02e7abeedc2637c22592fe25837520	fe6571c85f84c65b3d0cc333848f562c4647dbd6263fddf560397784d98d3bf6	94736371b00c5b9a78efa1f1327de6068b574cc591b3b29062c29a8e0d2da8b0	assets/pokemon-animation-cards/rc31-kanto-026-050/dex-044__form-00__gender-none__palette-shiny__admission.json	verified-render
45	vileplume	base	none	normal	assets/pokemon-animation-cards/rc31-kanto-026-050/dex-045__form-00__gender-none__palette-normal__idle-8x4.png	assets/pokemon-animation-cards/rc31-kanto-026-050/dex-045__form-00__gender-none__palette-normal__walk-8x4.png	assets/pokemon-animation-cards/rc31-kanto-026-050/dex-045__form-00__gender-none__palette-normal__runtime.png	rc31-original-trs-v1:pm0045_00:00:none:normal	8	0.9666666984558105	8	1	256	256	17	53	239	201	128	193.2973181802172	133	15	9	6a9c24c5aa537082c465e6a98ff7877fc2d7a7e80cb2802a3d6f2a6ea694fcbb	045c4a36426c04e92eefb231f3e7aee0386ee40765a44737bc1c9e67a37b7bf3	25af51886c7a812179df9e1b54a5c5261de1fbeb4d144b16598972223abe5a76	assets/pokemon-animation-cards/rc31-kanto-026-050/dex-045__form-00__gender-none__palette-normal__admission.json	verified-render
45	vileplume	base	none	shiny	assets/pokemon-animation-cards/rc31-kanto-026-050/dex-045__form-00__gender-none__palette-shiny__idle-8x4.png	assets/pokemon-animation-cards/rc31-kanto-026-050/dex-045__form-00__gender-none__palette-shiny__walk-8x4.png	assets/pokemon-animation-cards/rc31-kanto-026-050/dex-045__form-00__gender-none__palette-shiny__runtime.png	rc31-original-trs-v1:pm0045_00:00:none:shiny	8	0.9666666984558105	8	1	256	256	17	53	239	201	128	193.2973181802172	133	15	9	5b5555777c6213a1c260dcc7543a31d5a533c1f3e528887153d46efe2b969ef8	ec1b45bcd7a7535ca6e863a6d6fcad4913ac79d4d8fef93510dade26cc8ee431	2d8d43842e96c4ddab2ae14ed4036f08e89cecca64d7648ef8f17d69054820f4	assets/pokemon-animation-cards/rc31-kanto-026-050/dex-045__form-00__gender-none__palette-shiny__admission.json	verified-render
46	paras	base	none	normal	assets/pokemon-animation-cards/rc31-kanto-026-050/dex-046__form-00__gender-none__palette-normal__idle-8x4.png	assets/pokemon-animation-cards/rc31-kanto-026-050/dex-046__form-00__gender-none__palette-normal__walk-8x4.png	assets/pokemon-animation-cards/rc31-kanto-026-050/dex-046__form-00__gender-none__palette-normal__runtime.png	rc31-original-trs-v1:pm0046_00:00:none:normal	8	1.3333333730697632	8	0.8333333730697632	256	256	17	55	239	206	128	188.62365112487225	142	15	12	ffc740df099b22749113f723dd64babb81bb4bcf468bb391981ccbb955e663c0	2ad2ca2459a74de0b2af19fedfd52119bd4ef2c48e57261ec686ca73f6c27666	614f45a5d2d499573bff879fd17b5872a5b2fc28908b414cc3a5594f7ae2080c	assets/pokemon-animation-cards/rc31-kanto-026-050/dex-046__form-00__gender-none__palette-normal__admission.json	verified-render
46	paras	base	none	shiny	assets/pokemon-animation-cards/rc31-kanto-026-050/dex-046__form-00__gender-none__palette-shiny__idle-8x4.png	assets/pokemon-animation-cards/rc31-kanto-026-050/dex-046__form-00__gender-none__palette-shiny__walk-8x4.png	assets/pokemon-animation-cards/rc31-kanto-026-050/dex-046__form-00__gender-none__palette-shiny__runtime.png	rc31-original-trs-v1:pm0046_00:00:none:shiny	8	1.3333333730697632	8	0.8333333730697632	256	256	17	55	239	206	128	188.62365112487225	142	15	12	a3645eedf47235711d7d64e3e269d0f09065f68e9dd1438c2913143677b4f197	0a8230579aba31d768bb3e5729f77af4ebf853e7fdc373ad7e041a791c9b7a80	cc9c040f3ba50981b9ac7937bc43f4dad1e69dfe08e1c752a5f0df55a096cb6b	assets/pokemon-animation-cards/rc31-kanto-026-050/dex-046__form-00__gender-none__palette-shiny__admission.json	verified-render
47	parasect	base	none	normal	assets/pokemon-animation-cards/rc31-kanto-026-050/dex-047__form-00__gender-none__palette-normal__idle-8x4.png	assets/pokemon-animation-cards/rc31-kanto-026-050/dex-047__form-00__gender-none__palette-normal__walk-8x4.png	assets/pokemon-animation-cards/rc31-kanto-026-050/dex-047__form-00__gender-none__palette-normal__runtime.png	rc31-original-trs-v1:pm0047_00:00:none:normal	8	2	8	1	256	256	17	58	239	207	128	191.50804298175422	139	15	13	26c62e8213f040e500bcee2f9b85f1304cbcb4b6b781f7c34e793d0ac07b3a35	42d41b93d2023230ea1d8598f547c2cb1d815861871c6a82450b924e78edf835	9f9d4945d73e224325b93f4ec7ff40fc38f5196a6c4b0a881b6955dea0e5a684	assets/pokemon-animation-cards/rc31-kanto-026-050/dex-047__form-00__gender-none__palette-normal__admission.json	verified-render
47	parasect	base	none	shiny	assets/pokemon-animation-cards/rc31-kanto-026-050/dex-047__form-00__gender-none__palette-shiny__idle-8x4.png	assets/pokemon-animation-cards/rc31-kanto-026-050/dex-047__form-00__gender-none__palette-shiny__walk-8x4.png	assets/pokemon-animation-cards/rc31-kanto-026-050/dex-047__form-00__gender-none__palette-shiny__runtime.png	rc31-original-trs-v1:pm0047_00:00:none:shiny	8	2	8	1	256	256	17	58	239	207	128	191.50804298175422	139	15	13	6e753a764e6a47896710f5c0ba48b9824ee2a4bb3281cc4e1a4d5e3fa7fd7e64	82ed7dfba3a7314890b970844a81da3fbbf2e74e305f41cc66c0ef1f1187f5a0	f18e0c376993e51400bdcda2f970b16e082ebf923fb09be73525d0389cd619a9	assets/pokemon-animation-cards/rc31-kanto-026-050/dex-047__form-00__gender-none__palette-shiny__admission.json	verified-render
48	venonat	base	none	normal	assets/pokemon-animation-cards/rc31-kanto-026-050/dex-048__form-00__gender-none__palette-normal__idle-8x4.png	assets/pokemon-animation-cards/rc31-kanto-026-050/dex-048__form-00__gender-none__palette-normal__walk-8x4.png	assets/pokemon-animation-cards/rc31-kanto-026-050/dex-048__form-00__gender-none__palette-normal__runtime.png	rc31-original-trs-v1:pm0048_00:00:none:normal	8	2	8	1	256	256	29	27	227	233	128	223.16639667724766	172	12	16	5947fd17532a16940afa35cbb840cbbb1a0c9adea0e08c161c101e93019ec740	ff136268272bed9f32d7e94609daea46cd6165cdd4bb3fa7555439ca767a85e4	2648d11d368bae794bbc3628a1aa6e642c1494b701ad5b27992c8dc13303231f	assets/pokemon-animation-cards/rc31-kanto-026-050/dex-048__form-00__gender-none__palette-normal__admission.json	verified-render
48	venonat	base	none	shiny	assets/pokemon-animation-cards/rc31-kanto-026-050/dex-048__form-00__gender-none__palette-shiny__idle-8x4.png	assets/pokemon-animation-cards/rc31-kanto-026-050/dex-048__form-00__gender-none__palette-shiny__walk-8x4.png	assets/pokemon-animation-cards/rc31-kanto-026-050/dex-048__form-00__gender-none__palette-shiny__runtime.png	rc31-original-trs-v1:pm0048_00:00:none:shiny	8	2	8	1	256	256	29	27	227	233	128	223.16639667724766	172	12	16	168573b27085f63e595d04e035ae21b55b8bb87d3e87b00b9ea4a671ab74171e	3d90cee4b9daf0e393db6b04e21d1034fab559d72f93df602affddc70a686d82	5bfe46d91483407f6cb32a540772fb367b3c0d6fe92555114afc8a2ec3141217	assets/pokemon-animation-cards/rc31-kanto-026-050/dex-048__form-00__gender-none__palette-shiny__admission.json	verified-render
101	electrode	base	none	normal	assets/pokemon-animation-cards/rc31-kanto-101-151-source-audited-v4/dex-101__form-00__gender-none__palette-normal__idle-8x4.png	assets/pokemon-animation-cards/rc31-kanto-101-151-source-audited-v4/dex-101__form-00__gender-none__palette-normal__walk-8x4.png	assets/pokemon-animation-cards/rc31-kanto-101-151-source-audited-v4/dex-101__form-00__gender-none__palette-normal__runtime.png	rc31-original-trs-v1:pm0101_00:00:none:normal	8	3.000000238418579	8	1.3333333730697632	256	256	17	39	239	216	128	208.87804270760202	170	15	15	e9805a48b84cb265b09f79d94c4f2d5add12cd64ed6e30295f770d1515df928a	7badd2cdd83554ccedc7ce44e9b81c60beb1cdbcf803682cdc044c3026a7ac39	d42612e1f288e6f94f6e8d1a6d693dd8c77baa5fd1b78e2a914c76692144c528	assets/pokemon-animation-cards/rc31-kanto-101-151-source-audited-v4/dex-101__form-00__gender-none__palette-normal__admission.json	verified-render
101	electrode	base	none	shiny	assets/pokemon-animation-cards/rc31-kanto-101-151-source-audited-v4/dex-101__form-00__gender-none__palette-shiny__idle-8x4.png	assets/pokemon-animation-cards/rc31-kanto-101-151-source-audited-v4/dex-101__form-00__gender-none__palette-shiny__walk-8x4.png	assets/pokemon-animation-cards/rc31-kanto-101-151-source-audited-v4/dex-101__form-00__gender-none__palette-shiny__runtime.png	rc31-original-trs-v1:pm0101_00:00:none:shiny	8	3.000000238418579	8	1.3333333730697632	256	256	17	39	239	216	128	208.87804270760202	170	15	15	4c63d6e19316a1e8622ab61f53eaaa608f54905d9efd27aee96b4913899d459e	acc2a1248c9305657339d2b2e02bbe982f4f453d56d9c07e6aa128e7bb0ea94a	fccc3248a8a9001361eafe3478ed8bb08945bbf9e71940070c2f528016e25703	assets/pokemon-animation-cards/rc31-kanto-101-151-source-audited-v4/dex-101__form-00__gender-none__palette-shiny__admission.json	verified-render
104	cubone	base	none	normal	assets/pokemon-animation-cards/rc31-kanto-101-151-source-audited-v4/dex-104__form-00__gender-none__palette-normal__idle-8x4.png	assets/pokemon-animation-cards/rc31-kanto-101-151-source-audited-v4/dex-104__form-00__gender-none__palette-normal__walk-8x4.png	assets/pokemon-animation-cards/rc31-kanto-101-151-source-audited-v4/dex-104__form-00__gender-none__palette-normal__runtime.png	rc31-original-trs-v1:pm0104_00:00:none:normal	8	1.6000001430511475	8	1	256	256	19	23	237	232	128	222.3939380615925	207	14	16	60d82ddd8d9f21f83059dc78147d1401b998d283c61657b21f83e9f23660f2f8	fddc129e41f0d0f47f9944764aa475ffb5e665babc6297df3febe0c716e359e7	542d40e995ecd4f74e97176466432f410cb52fbfa7c54f053d90444b9bbaf766	assets/pokemon-animation-cards/rc31-kanto-101-151-source-audited-v4/dex-104__form-00__gender-none__palette-normal__admission.json	verified-render
104	cubone	base	none	shiny	assets/pokemon-animation-cards/rc31-kanto-101-151-source-audited-v4/dex-104__form-00__gender-none__palette-shiny__idle-8x4.png	assets/pokemon-animation-cards/rc31-kanto-101-151-source-audited-v4/dex-104__form-00__gender-none__palette-shiny__walk-8x4.png	assets/pokemon-animation-cards/rc31-kanto-101-151-source-audited-v4/dex-104__form-00__gender-none__palette-shiny__runtime.png	rc31-original-trs-v1:pm0104_00:00:none:shiny	8	1.6000001430511475	8	1	256	256	19	23	237	232	128	222.3939380615925	207	14	16	f7f6902cc592108b864bced64c1fced55230347c36f386bfde3bce12181c6de3	216e0eb17f87d8cc3e35d8b2f5f5d3014f29a57f134f41ba538e926f186fca95	09594526040c5cbc361250df87dd19bca34bc2dd69754888290f3f3304183699	assets/pokemon-animation-cards/rc31-kanto-101-151-source-audited-v4/dex-104__form-00__gender-none__palette-shiny__admission.json	verified-render
105	marowak	base	none	normal	assets/pokemon-animation-cards/rc31-kanto-101-151-source-audited-v4/dex-105__form-00__gender-none__palette-normal__idle-8x4.png	assets/pokemon-animation-cards/rc31-kanto-101-151-source-audited-v4/dex-105__form-00__gender-none__palette-normal__walk-8x4.png	assets/pokemon-animation-cards/rc31-kanto-101-151-source-audited-v4/dex-105__form-00__gender-none__palette-normal__runtime.png	rc31-original-trs-v1:pm0105_00:00:none:normal	8	1.4000000953674316	8	1	256	256	28	25	228	234	128	224.01324879961803	208	14	16	cd9d39fdf6030eb96fd879be48396980c926eb3686e4a807bfb006e670849415	8004bd678ff90a9acbbe4abaac73b2d938870da7bc9a2e4dc9d3f081049fdf84	7536c7ab60b2a0535cc9faa9e20019d733d2521987dc39fe746973596d8fc2f2	assets/pokemon-animation-cards/rc31-kanto-101-151-source-audited-v4/dex-105__form-00__gender-none__palette-normal__admission.json	verified-render
105	marowak	base	none	shiny	assets/pokemon-animation-cards/rc31-kanto-101-151-source-audited-v4/dex-105__form-00__gender-none__palette-shiny__idle-8x4.png	assets/pokemon-animation-cards/rc31-kanto-101-151-source-audited-v4/dex-105__form-00__gender-none__palette-shiny__walk-8x4.png	assets/pokemon-animation-cards/rc31-kanto-101-151-source-audited-v4/dex-105__form-00__gender-none__palette-shiny__runtime.png	rc31-original-trs-v1:pm0105_00:00:none:shiny	8	1.4000000953674316	8	1	256	256	28	25	228	234	128	224.01324879961803	208	14	16	9b6efa0060f2ee17eb7c5ba20ff05d3dda51daeec4f6f76442199f13a4eeb84f	dccab15f748b2ed4a0bdb444cf798d29c741bdf8a4ca451bb8bf2ddb9e5d3e99	f0ee9d94d621c4b87701b32f4289c052bc7354cd3b03e781464e37a0b1a228dc	assets/pokemon-animation-cards/rc31-kanto-101-151-source-audited-v4/dex-105__form-00__gender-none__palette-shiny__admission.json	verified-render
107	hitmonchan	base	none	normal	assets/pokemon-animation-cards/rc31-kanto-101-151-source-audited-v4/dex-107__form-00__gender-none__palette-normal__idle-8x4.png	assets/pokemon-animation-cards/rc31-kanto-101-151-source-audited-v4/dex-107__form-00__gender-none__palette-normal__walk-8x4.png	assets/pokemon-animation-cards/rc31-kanto-101-151-source-audited-v4/dex-107__form-00__gender-none__palette-normal__runtime.png	rc31-original-trs-v1:pm0107_00:00:none:normal	8	0.6666666865348816	8	1	256	256	37	24	219	234	128	222.55456649116232	189	11	16	0d3abdb90603f26f00ec0e37e2b0a8f4fe6a944dcc9e0a08330fb1b3553a3c14	33a431cb3b697da5772cd9f23158daaeda975223e7c5fd698a5b904d9cf10fb7	e209c0407d5a7cfa0b8e17e6f6871f0c361ab947edaae2af729130ae6b2323e3	assets/pokemon-animation-cards/rc31-kanto-101-151-source-audited-v4/dex-107__form-00__gender-none__palette-normal__admission.json	verified-render
107	hitmonchan	base	none	shiny	assets/pokemon-animation-cards/rc31-kanto-101-151-source-audited-v4/dex-107__form-00__gender-none__palette-shiny__idle-8x4.png	assets/pokemon-animation-cards/rc31-kanto-101-151-source-audited-v4/dex-107__form-00__gender-none__palette-shiny__walk-8x4.png	assets/pokemon-animation-cards/rc31-kanto-101-151-source-audited-v4/dex-107__form-00__gender-none__palette-shiny__runtime.png	rc31-original-trs-v1:pm0107_00:00:none:shiny	8	0.6666666865348816	8	1	256	256	37	24	219	234	128	222.55456649116232	189	11	16	fb2369e97da807b3539c5b143eee7788c7e798ad68cb758467cdf686e57b339d	43340d1f69f4f3ab56a08dd014d474af971e843b5371c91bdc1301eeca76cead	eed2020ba6a97a4af17b8f22963818801a24931c400193e6987990e1a9f46a80	assets/pokemon-animation-cards/rc31-kanto-101-151-source-audited-v4/dex-107__form-00__gender-none__palette-shiny__admission.json	verified-render
108	lickitung	base	none	normal	assets/pokemon-animation-cards/rc31-kanto-101-151-source-audited-v4/dex-108__form-00__gender-none__palette-normal__idle-8x4.png	assets/pokemon-animation-cards/rc31-kanto-101-151-source-audited-v4/dex-108__form-00__gender-none__palette-normal__walk-8x4.png	assets/pokemon-animation-cards/rc31-kanto-101-151-source-audited-v4/dex-108__form-00__gender-none__palette-normal__runtime.png	rc31-original-trs-v1:pm0108_00:00:none:normal	8	0.8000000715255737	8	1.3333333730697632	256	256	17	73	239	185	128	177.49417897216154	109	15	15	dac10a399d2e51319e3632b213671e0eb2e07551347c7e09c9358e537652adbc	a8cc086ab4a2f5162eda3c99859b1987e1c4ac23c79d6a03aa2e083e4151a5f1	5842af5e521793ee01286603092164218ffed63a065f750ad38bf21593165441	assets/pokemon-animation-cards/rc31-kanto-101-151-source-audited-v4/dex-108__form-00__gender-none__palette-normal__admission.json	verified-render
108	lickitung	base	none	shiny	assets/pokemon-animation-cards/rc31-kanto-101-151-source-audited-v4/dex-108__form-00__gender-none__palette-shiny__idle-8x4.png	assets/pokemon-animation-cards/rc31-kanto-101-151-source-audited-v4/dex-108__form-00__gender-none__palette-shiny__walk-8x4.png	assets/pokemon-animation-cards/rc31-kanto-101-151-source-audited-v4/dex-108__form-00__gender-none__palette-shiny__runtime.png	rc31-original-trs-v1:pm0108_00:00:none:shiny	8	0.8000000715255737	8	1.3333333730697632	256	256	17	73	239	185	128	177.49417897216154	109	15	15	a43858e00eafb63ca840df03afb55554e5ab034797ae1bdc5cdde8f17d53d3af	2ad3178702e15f81430ba0b4a9158bcf4a62142dc4717a2a6d86278b9202d95d	15be88dc2c510fcfd3bc796ad4e1ee23753561f896ac3271111eda7799d393f2	assets/pokemon-animation-cards/rc31-kanto-101-151-source-audited-v4/dex-108__form-00__gender-none__palette-shiny__admission.json	verified-render
113	chansey	base	none	normal	assets/pokemon-animation-cards/rc31-kanto-101-151-source-audited-v4/dex-113__form-00__gender-none__palette-normal__idle-8x4.png	assets/pokemon-animation-cards/rc31-kanto-101-151-source-audited-v4/dex-113__form-00__gender-none__palette-normal__walk-8x4.png	assets/pokemon-animation-cards/rc31-kanto-101-151-source-audited-v4/dex-113__form-00__gender-none__palette-normal__runtime.png	rc31-original-trs-v1:pm0113_00:00:none:normal	8	1.7333334684371948	8	1.3333333730697632	256	256	17	44	239	215	128	205.21961090459305	162	15	12	e71a88c148d76a22e91573c8a660b6e8abfa8428291833208c8d41d97a97da71	6487ff45cc29b2ec4590b8a24dcea244a23df029c0a263e88a24da69dea65c8f	7f3b2de25aca41b1dbbe5b36b1ea17c92551fa934c7ea1aaa949ff6ef12331fe	assets/pokemon-animation-cards/rc31-kanto-101-151-source-audited-v4/dex-113__form-00__gender-none__palette-normal__admission.json	verified-render
113	chansey	base	none	shiny	assets/pokemon-animation-cards/rc31-kanto-101-151-source-audited-v4/dex-113__form-00__gender-none__palette-shiny__idle-8x4.png	assets/pokemon-animation-cards/rc31-kanto-101-151-source-audited-v4/dex-113__form-00__gender-none__palette-shiny__walk-8x4.png	assets/pokemon-animation-cards/rc31-kanto-101-151-source-audited-v4/dex-113__form-00__gender-none__palette-shiny__runtime.png	rc31-original-trs-v1:pm0113_00:00:none:shiny	8	1.7333334684371948	8	1.3333333730697632	256	256	17	44	239	215	128	205.21961090459305	162	15	12	976c05fb2dc038849edd62d42fda7794f021ea79c77cc00bf70b64a5f9db8354	fda3f7480144bf0b1bdb48f64992da569cf77b56b04ab25fb06f40a2b509f51f	92cabe6529db3be63bb56a75254112f40586e678af04004754c65175eabcb27b	assets/pokemon-animation-cards/rc31-kanto-101-151-source-audited-v4/dex-113__form-00__gender-none__palette-shiny__admission.json	verified-render
115	kangaskhan	base	none	normal	assets/pokemon-animation-cards/rc31-kanto-101-151-source-audited-v4/dex-115__form-00__gender-none__palette-normal__idle-8x4.png	assets/pokemon-animation-cards/rc31-kanto-101-151-source-audited-v4/dex-115__form-00__gender-none__palette-normal__walk-8x4.png	assets/pokemon-animation-cards/rc31-kanto-101-151-source-audited-v4/dex-115__form-00__gender-none__palette-normal__runtime.png	rc31-original-trs-v1:pm0115_00:00:none:normal	8	2.3333334922790527	8	1.6000001430511475	256	256	17	65	239	195	128	186.71957703012336	126	15	15	e66f6cb9450b0226c8a96a753b654fc9c22190f03c5a86c653adb201152895e6	9f9eaf4356983c67841f2af367dcf1af479282ad0648cd162ba938b025ca8605	171027f062832cffd64ad15cbcd1e39f5c01ad579438aaf3373cd43412e744cd	assets/pokemon-animation-cards/rc31-kanto-101-151-source-audited-v4/dex-115__form-00__gender-none__palette-normal__admission.json	verified-render
115	kangaskhan	base	none	shiny	assets/pokemon-animation-cards/rc31-kanto-101-151-source-audited-v4/dex-115__form-00__gender-none__palette-shiny__idle-8x4.png	assets/pokemon-animation-cards/rc31-kanto-101-151-source-audited-v4/dex-115__form-00__gender-none__palette-shiny__walk-8x4.png	assets/pokemon-animation-cards/rc31-kanto-101-151-source-audited-v4/dex-115__form-00__gender-none__palette-shiny__runtime.png	rc31-original-trs-v1:pm0115_00:00:none:shiny	8	2.3333334922790527	8	1.6000001430511475	256	256	17	65	239	195	128	186.71957703012336	126	15	15	82fca870090af6f21583477a65c1ae537cd6689b1af877f3170564cf301d7012	afcdef42fa8f692c08ae5ec60652cdedae28a88516ca8d533544882839cb948a	13aad77486a6b1190629f78630289a11c63161ebac8256a7d5952b80d465948b	assets/pokemon-animation-cards/rc31-kanto-101-151-source-audited-v4/dex-115__form-00__gender-none__palette-shiny__admission.json	verified-render
116	horsea	base	none	normal	assets/pokemon-animation-cards/rc31-kanto-101-151-source-audited-v4/dex-116__form-00__gender-none__palette-normal__idle-8x4.png	assets/pokemon-animation-cards/rc31-kanto-101-151-source-audited-v4/dex-116__form-00__gender-none__palette-normal__walk-8x4.png	assets/pokemon-animation-cards/rc31-kanto-101-151-source-audited-v4/dex-116__form-00__gender-none__palette-normal__runtime.png	rc31-original-trs-v1:pm0116_00:00:none:normal	8	2	8	1	256	256	55	21	201	233	128	254.61440404305395	87	15	16	471a6759ab79e3290dee97a2beb026efa942fed0d566ba702b83d7e39de4d395	4fc2d6da8c5b7fff914788f9ffaba210a17c1be54a7a76b208c8b0b1dd09898c	093aefc680b045f3887cae88e24d81b5bcef5333d1a75239933c1808521679da	assets/pokemon-animation-cards/rc31-kanto-101-151-source-audited-v4/dex-116__form-00__gender-none__palette-normal__admission.json	verified-render
116	horsea	base	none	shiny	assets/pokemon-animation-cards/rc31-kanto-101-151-source-audited-v4/dex-116__form-00__gender-none__palette-shiny__idle-8x4.png	assets/pokemon-animation-cards/rc31-kanto-101-151-source-audited-v4/dex-116__form-00__gender-none__palette-shiny__walk-8x4.png	assets/pokemon-animation-cards/rc31-kanto-101-151-source-audited-v4/dex-116__form-00__gender-none__palette-shiny__runtime.png	rc31-original-trs-v1:pm0116_00:00:none:shiny	8	2	8	1	256	256	55	21	201	233	128	254.61440404305395	87	15	16	57a18e9086ddde03c0e56faf372b52af839b72502d85b740c4410bbd6d5e43d1	4644fb93adc8009f03ac216d21b6e0367975823f849c167508e11b3b0be35817	1059d7d8afafb02b0b2b75ee78a520e5781bb784ad20296da98e3c78d95ce4bd	assets/pokemon-animation-cards/rc31-kanto-101-151-source-audited-v4/dex-116__form-00__gender-none__palette-shiny__admission.json	verified-render
117	seadra	base	none	normal	assets/pokemon-animation-cards/rc31-kanto-101-151-source-audited-v4/dex-117__form-00__gender-none__palette-normal__idle-8x4.png	assets/pokemon-animation-cards/rc31-kanto-101-151-source-audited-v4/dex-117__form-00__gender-none__palette-normal__walk-8x4.png	assets/pokemon-animation-cards/rc31-kanto-101-151-source-audited-v4/dex-117__form-00__gender-none__palette-normal__runtime.png	rc31-original-trs-v1:pm0117_00:00:none:normal	8	2	8	1.3333333730697632	256	256	45	25	211	232	128	236.67568977530837	149	15	16	39733f3db0082c1c4f38fc39219001f676ce66d86e8ed1af0a1f09d53fc3c656	be5eb0c64e31f1de057d653ae763ba1aed0e67f731154d331ec953f590efacbb	bf7496cf40baf039404b8f5b23cfdf30cd8308df4027f0a355227f7dc6c3e8c5	assets/pokemon-animation-cards/rc31-kanto-101-151-source-audited-v4/dex-117__form-00__gender-none__palette-normal__admission.json	verified-render
117	seadra	base	none	shiny	assets/pokemon-animation-cards/rc31-kanto-101-151-source-audited-v4/dex-117__form-00__gender-none__palette-shiny__idle-8x4.png	assets/pokemon-animation-cards/rc31-kanto-101-151-source-audited-v4/dex-117__form-00__gender-none__palette-shiny__walk-8x4.png	assets/pokemon-animation-cards/rc31-kanto-101-151-source-audited-v4/dex-117__form-00__gender-none__palette-shiny__runtime.png	rc31-original-trs-v1:pm0117_00:00:none:shiny	8	2	8	1.3333333730697632	256	256	45	25	211	232	128	236.67568977530837	149	15	16	8c105057d7878e48d7998c922db6c0b0432e558063c837eb6e2602d779d7eff4	5a6f71e08ee0f43a204101cea63dc5b7e43ef7bf0d0307d5fb1035e487a7fb51	ea195d1cf3e22776bc3933e30686c1f38dd91f9cdf8d9b20a62b40c1f612f992	assets/pokemon-animation-cards/rc31-kanto-101-151-source-audited-v4/dex-117__form-00__gender-none__palette-shiny__admission.json	verified-render
118	goldeen	base	none	normal	assets/pokemon-animation-cards/rc31-kanto-101-151-source-audited-v4/dex-118__form-00__gender-none__palette-normal__idle-8x4.png	assets/pokemon-animation-cards/rc31-kanto-101-151-source-audited-v4/dex-118__form-00__gender-none__palette-normal__walk-8x4.png	assets/pokemon-animation-cards/rc31-kanto-101-151-source-audited-v4/dex-118__form-00__gender-none__palette-normal__runtime.png	rc31-original-trs-v1:pm0118_00:00:none:normal	8	2.3000001907348633	8	1.1666667461395264	256	256	22	20	234	233	128	267.3401433752058	68	15	7	fcb1e689cd03be74aef6ef3a63e39726f01036b9369ae49ad21257f410093a22	207dce8e9c29c946ea77c5065886a267ba94bd09d9cf8a4e617be537aab03bf9	e8138f5e67f7b318c555ce5f4e941d0f231b86e2044e33690ad98392326fb548	assets/pokemon-animation-cards/rc31-kanto-101-151-source-audited-v4/dex-118__form-00__gender-none__palette-normal__admission.json	verified-render
118	goldeen	base	none	shiny	assets/pokemon-animation-cards/rc31-kanto-101-151-source-audited-v4/dex-118__form-00__gender-none__palette-shiny__idle-8x4.png	assets/pokemon-animation-cards/rc31-kanto-101-151-source-audited-v4/dex-118__form-00__gender-none__palette-shiny__walk-8x4.png	assets/pokemon-animation-cards/rc31-kanto-101-151-source-audited-v4/dex-118__form-00__gender-none__palette-shiny__runtime.png	rc31-original-trs-v1:pm0118_00:00:none:shiny	8	2.3000001907348633	8	1.1666667461395264	256	256	22	20	234	233	128	267.3401433752058	68	15	7	45534dcfc913b2b5f85847398f173461991325373c718b00648357f3445c53de	d493c13c4cc43f12d5506e6b3d9e15e59cccaa9470cfc0368a261c96023b08b2	0d86dfcdde769f41f278a7478138441f33c321b73f061c814f5caead9b8238a4	assets/pokemon-animation-cards/rc31-kanto-101-151-source-audited-v4/dex-118__form-00__gender-none__palette-shiny__admission.json	verified-render
119	seaking	base	none	normal	assets/pokemon-animation-cards/rc31-kanto-101-151-source-audited-v4/dex-119__form-00__gender-none__palette-normal__idle-8x4.png	assets/pokemon-animation-cards/rc31-kanto-101-151-source-audited-v4/dex-119__form-00__gender-none__palette-normal__walk-8x4.png	assets/pokemon-animation-cards/rc31-kanto-101-151-source-audited-v4/dex-119__form-00__gender-none__palette-normal__runtime.png	rc31-original-trs-v1:pm0119_00:00:none:normal	8	2	8	1.3333333730697632	256	256	17	65	239	195	128	207.53082113703394	97	15	16	0a6d0eb8488b7d9322b4c4fa07f0977df4e55563060aadb3a7f80c27dbad7d8c	f080bea4a9cbc39d08c363b0e90ffab3473b982e897f2aff28b09fa103fad94d	a0047ecde68198292c24d0cc062a3a9268199151301ecf01502d59a45fc0b87f	assets/pokemon-animation-cards/rc31-kanto-101-151-source-audited-v4/dex-119__form-00__gender-none__palette-normal__admission.json	verified-render
119	seaking	base	none	shiny	assets/pokemon-animation-cards/rc31-kanto-101-151-source-audited-v4/dex-119__form-00__gender-none__palette-shiny__idle-8x4.png	assets/pokemon-animation-cards/rc31-kanto-101-151-source-audited-v4/dex-119__form-00__gender-none__palette-shiny__walk-8x4.png	assets/pokemon-animation-cards/rc31-kanto-101-151-source-audited-v4/dex-119__form-00__gender-none__palette-shiny__runtime.png	rc31-original-trs-v1:pm0119_00:00:none:shiny	8	2	8	1.3333333730697632	256	256	17	65	239	195	128	207.53082113703394	97	15	16	a26d596b53b2987074bd44171428f4fcd867a122c7ae7706315b11fd1b8ee1f5	a8d0b5562dc797b67b377579137294ac9794654041ea5576ffaa109ae870b6ea	5ab724788d63a3aed3b42618ef95cb2df9ad515bb260f53badb351a6ad278bf0	assets/pokemon-animation-cards/rc31-kanto-101-151-source-audited-v4/dex-119__form-00__gender-none__palette-shiny__admission.json	verified-render
120	staryu	base	none	normal	assets/pokemon-animation-cards/rc31-kanto-101-151-source-audited-v4/dex-120__form-00__gender-none__palette-normal__idle-8x4.png	assets/pokemon-animation-cards/rc31-kanto-101-151-source-audited-v4/dex-120__form-00__gender-none__palette-normal__walk-8x4.png	assets/pokemon-animation-cards/rc31-kanto-101-151-source-audited-v4/dex-120__form-00__gender-none__palette-normal__runtime.png	rc31-original-trs-v1:pm0120_00:00:none:normal	8	2	8	1	256	256	26	28	230	234	128	222.70437672607213	196	15	16	e7ca69671285100988e48b5361d3147d054edae927a213efec97f1fbb8c986e9	02c73f333b53f9e270793d57b37bf28aae73a743a461f104dee539ee9c3500b5	7abf522a9c512f1ccef9083e922275847d126f4d6199e65fb224e1f1608ebb15	assets/pokemon-animation-cards/rc31-kanto-101-151-source-audited-v4/dex-120__form-00__gender-none__palette-normal__admission.json	verified-render
120	staryu	base	none	shiny	assets/pokemon-animation-cards/rc31-kanto-101-151-source-audited-v4/dex-120__form-00__gender-none__palette-shiny__idle-8x4.png	assets/pokemon-animation-cards/rc31-kanto-101-151-source-audited-v4/dex-120__form-00__gender-none__palette-shiny__walk-8x4.png	assets/pokemon-animation-cards/rc31-kanto-101-151-source-audited-v4/dex-120__form-00__gender-none__palette-shiny__runtime.png	rc31-original-trs-v1:pm0120_00:00:none:shiny	8	2	8	1	256	256	26	28	230	234	128	222.70437672607213	196	15	16	3278a5b9cc79d83832d997a550c03e208c4e13cbb0eac92798b09c5997cceea5	41ee1e07572fa8751979315e5e72a11b7aa79bc0747003e6279211e2bd2001bf	3277bc82f4ae34e1eacfb893fd47e0e4085465051555d9fcde07c407927dbd1e	assets/pokemon-animation-cards/rc31-kanto-101-151-source-audited-v4/dex-120__form-00__gender-none__palette-shiny__admission.json	verified-render
121	starmie	base	none	normal	assets/pokemon-animation-cards/rc31-kanto-101-151-source-audited-v4/dex-121__form-00__gender-none__palette-normal__idle-8x4.png	assets/pokemon-animation-cards/rc31-kanto-101-151-source-audited-v4/dex-121__form-00__gender-none__palette-normal__walk-8x4.png	assets/pokemon-animation-cards/rc31-kanto-101-151-source-audited-v4/dex-121__form-00__gender-none__palette-normal__runtime.png	rc31-original-trs-v1:pm0121_00:00:none:normal	8	1.9000000953674316	8	1	256	256	19	24	237	233	128	223.156331390873	196	15	16	79736be9ce35a558003dd2ba7ac57dbeeacc6c4787cd9bcf836965b4a0661ad0	ec7256e88dff0e2a03ecda9026bfc341b752037fed9f7e4059db9082f48b23d7	3fe43cbd67f60ad9336683d6d494881acbd1cc44e23deaed2819f95d1215f647	assets/pokemon-animation-cards/rc31-kanto-101-151-source-audited-v4/dex-121__form-00__gender-none__palette-normal__admission.json	verified-render
121	starmie	base	none	shiny	assets/pokemon-animation-cards/rc31-kanto-101-151-source-audited-v4/dex-121__form-00__gender-none__palette-shiny__idle-8x4.png	assets/pokemon-animation-cards/rc31-kanto-101-151-source-audited-v4/dex-121__form-00__gender-none__palette-shiny__walk-8x4.png	assets/pokemon-animation-cards/rc31-kanto-101-151-source-audited-v4/dex-121__form-00__gender-none__palette-shiny__runtime.png	rc31-original-trs-v1:pm0121_00:00:none:shiny	8	1.9000000953674316	8	1	256	256	19	24	237	233	128	223.156331390873	196	15	16	c80f2503bb6eecf84c22bae24a93ba2f8f7e605f98dd4e07005c8d8e2712e623	46880079613ac5203319c75c41d66d777550fbe466752934a8ed2a8e4608c28d	43d074a1a5558f846965e60ed8346e0161cd316c7aa193f3dde2cad5621352ec	assets/pokemon-animation-cards/rc31-kanto-101-151-source-audited-v4/dex-121__form-00__gender-none__palette-shiny__admission.json	verified-render
122	mrmime	base	none	normal	assets/pokemon-animation-cards/rc31-kanto-101-151-source-audited-v4/dex-122__form-00__gender-none__palette-normal__idle-8x4.png	assets/pokemon-animation-cards/rc31-kanto-101-151-source-audited-v4/dex-122__form-00__gender-none__palette-normal__walk-8x4.png	assets/pokemon-animation-cards/rc31-kanto-101-151-source-audited-v4/dex-122__form-00__gender-none__palette-normal__runtime.png	rc31-original-trs-v1:pm0122_00:00:none:normal	8	2.5333335399627686	8	1	256	256	25	27	231	232	128	222.7337721814553	185	15	16	ea470b7e30396187ab40986efefd48ff862c671c94b3aaaeab9ac6b00141395f	8a2a830094bfc2f6981de863919ee2629189b4f52e9211c339d74504310fbc00	a836025166e28c176607af166f6396be1c322ff98d57c42125745adcb0ee8c44	assets/pokemon-animation-cards/rc31-kanto-101-151-source-audited-v4/dex-122__form-00__gender-none__palette-normal__admission.json	verified-render
122	mrmime	base	none	shiny	assets/pokemon-animation-cards/rc31-kanto-101-151-source-audited-v4/dex-122__form-00__gender-none__palette-shiny__idle-8x4.png	assets/pokemon-animation-cards/rc31-kanto-101-151-source-audited-v4/dex-122__form-00__gender-none__palette-shiny__walk-8x4.png	assets/pokemon-animation-cards/rc31-kanto-101-151-source-audited-v4/dex-122__form-00__gender-none__palette-shiny__runtime.png	rc31-original-trs-v1:pm0122_00:00:none:shiny	8	2.5333335399627686	8	1	256	256	25	27	231	232	128	222.7337721814553	185	15	16	8768cc850bead4e94c26d1a8eaf992e214b6255aa66f0ccd8164700c0aff29bf	157d489f6decf82e8a7c76ab67c9ec2d03810a2d6a894114fd32e77adc212bfb	7a454fa459f489444186e0f52fc1c9838e8d6658c6307ce15898eccb9a32a113	assets/pokemon-animation-cards/rc31-kanto-101-151-source-audited-v4/dex-122__form-00__gender-none__palette-shiny__admission.json	verified-render
124	jynx	base	none	normal	assets/pokemon-animation-cards/rc31-kanto-101-151-source-audited-v4/dex-124__form-00__gender-none__palette-normal__idle-8x4.png	assets/pokemon-animation-cards/rc31-kanto-101-151-source-audited-v4/dex-124__form-00__gender-none__palette-normal__walk-8x4.png	assets/pokemon-animation-cards/rc31-kanto-101-151-source-audited-v4/dex-124__form-00__gender-none__palette-normal__runtime.png	rc31-original-trs-v1:pm0124_00:00:none:normal	8	2	8	1.933333396911621	256	256	17	49	239	217	128	201.3392128444535	160	15	16	9b064c0c94c00d0f8d063130b6edf9477c9c731197db23da2d83c3a727b2602d	3c48506a89919c2ff5499c05bb05628a9aae285e5d1bd61a3423ab881fd1037a	86de9977d41c0d7fc533acbc3b0cae32b9f99ee109c12f16224869610de7c5a5	assets/pokemon-animation-cards/rc31-kanto-101-151-source-audited-v4/dex-124__form-00__gender-none__palette-normal__admission.json	verified-render
124	jynx	base	none	shiny	assets/pokemon-animation-cards/rc31-kanto-101-151-source-audited-v4/dex-124__form-00__gender-none__palette-shiny__idle-8x4.png	assets/pokemon-animation-cards/rc31-kanto-101-151-source-audited-v4/dex-124__form-00__gender-none__palette-shiny__walk-8x4.png	assets/pokemon-animation-cards/rc31-kanto-101-151-source-audited-v4/dex-124__form-00__gender-none__palette-shiny__runtime.png	rc31-original-trs-v1:pm0124_00:00:none:shiny	8	2	8	1.933333396911621	256	256	17	49	239	217	128	201.3392128444535	160	15	16	2df8d5c52743ff96ea4160da1a9b5be58773a3a8e461e77b262d5df2218f87ac	d5426f04d86972ab5693a109abce4098a1eaf6cb48048999067c18695497d259	064c8cdaded5277deaa4b66e4eb814c8499a156d8af735c16dd498ebe8aaa8f8	assets/pokemon-animation-cards/rc31-kanto-101-151-source-audited-v4/dex-124__form-00__gender-none__palette-shiny__admission.json	verified-render
125	electabuzz	base	none	normal	assets/pokemon-animation-cards/rc31-kanto-101-151-source-audited-v4/dex-125__form-00__gender-none__palette-normal__idle-8x4.png	assets/pokemon-animation-cards/rc31-kanto-101-151-source-audited-v4/dex-125__form-00__gender-none__palette-normal__walk-8x4.png	assets/pokemon-animation-cards/rc31-kanto-101-151-source-audited-v4/dex-125__form-00__gender-none__palette-normal__runtime.png	rc31-original-trs-v1:pm0125_00:00:none:normal	8	1.3333333730697632	8	1.1666667461395264	256	256	17	44	239	217	128	207.87867652473983	163	15	15	71ea3e57f23992db2b3c4d0ec06b04618d2b5863b6584428a4f7d205165ba491	8b358ef012ee7b1474ef35788998b242465ebbbe24f148b286663f6afe66592e	5e2945cfed6661ea78709da526f8d9d8e0094a33fbf31e44041ad20f0d47f643	assets/pokemon-animation-cards/rc31-kanto-101-151-source-audited-v4/dex-125__form-00__gender-none__palette-normal__admission.json	verified-render
125	electabuzz	base	none	shiny	assets/pokemon-animation-cards/rc31-kanto-101-151-source-audited-v4/dex-125__form-00__gender-none__palette-shiny__idle-8x4.png	assets/pokemon-animation-cards/rc31-kanto-101-151-source-audited-v4/dex-125__form-00__gender-none__palette-shiny__walk-8x4.png	assets/pokemon-animation-cards/rc31-kanto-101-151-source-audited-v4/dex-125__form-00__gender-none__palette-shiny__runtime.png	rc31-original-trs-v1:pm0125_00:00:none:shiny	8	1.3333333730697632	8	1.1666667461395264	256	256	17	44	239	217	128	207.87867652473983	163	15	15	a162f633748e5c07cadc6facc032e1a7490f2ece5edfbc8c2209a313a427c03c	3f817e7ce1cba272eef66735460abf4f4a5ea84cda93d2109415075d9114736f	885eaeeafad2c3acd4353a6b813fcba7631acc85077b7511e5f317dd133dd69c	assets/pokemon-animation-cards/rc31-kanto-101-151-source-audited-v4/dex-125__form-00__gender-none__palette-shiny__admission.json	verified-render
127	pinsir	base	none	normal	assets/pokemon-animation-cards/rc31-kanto-101-151-source-audited-v4/dex-127__form-00__gender-none__palette-normal__idle-8x4.png	assets/pokemon-animation-cards/rc31-kanto-101-151-source-audited-v4/dex-127__form-00__gender-none__palette-normal__walk-8x4.png	assets/pokemon-animation-cards/rc31-kanto-101-151-source-audited-v4/dex-127__form-00__gender-none__palette-normal__runtime.png	rc31-original-trs-v1:pm0127_00:00:none:normal	8	1.3333333730697632	8	1	256	256	17	36	239	226	128	213.27270249449373	183	15	16	fdd85d4902f4d7dfdd74281126473240a8e46378b924af44066d257dda39ad77	c3cea4b779e067f7c315768aeacfc160d6d0218ca82e78db9fcbdf97ccc59b64	ffce8071f3bdb1f88e42448e6035d483d75945177e22b26a4a305ad1e27dbf0e	assets/pokemon-animation-cards/rc31-kanto-101-151-source-audited-v4/dex-127__form-00__gender-none__palette-normal__admission.json	verified-render
127	pinsir	base	none	shiny	assets/pokemon-animation-cards/rc31-kanto-101-151-source-audited-v4/dex-127__form-00__gender-none__palette-shiny__idle-8x4.png	assets/pokemon-animation-cards/rc31-kanto-101-151-source-audited-v4/dex-127__form-00__gender-none__palette-shiny__walk-8x4.png	assets/pokemon-animation-cards/rc31-kanto-101-151-source-audited-v4/dex-127__form-00__gender-none__palette-shiny__runtime.png	rc31-original-trs-v1:pm0127_00:00:none:shiny	8	1.3333333730697632	8	1	256	256	17	36	239	226	128	213.27270249449373	183	15	16	37a99a29b311752b11a74afc4cbc0b2654f29eac1ea4e6c62a2cf737f4c22ddf	60e71de2e483348a3a81f14bfdf1afd6fe11fe473ec717ea05538071bc99fbf2	e0a36497f63cb9fd3e362991692155a6c77925185acce253ef9d7baf80b0609e	assets/pokemon-animation-cards/rc31-kanto-101-151-source-audited-v4/dex-127__form-00__gender-none__palette-shiny__admission.json	verified-render
129	magikarp	base	none	normal	assets/pokemon-animation-cards/rc31-kanto-101-151-source-audited-v4/dex-129__form-00__gender-none__palette-normal__idle-8x4.png	assets/pokemon-animation-cards/rc31-kanto-101-151-source-audited-v4/dex-129__form-00__gender-none__palette-normal__walk-8x4.png	assets/pokemon-animation-cards/rc31-kanto-101-151-source-audited-v4/dex-129__form-00__gender-none__palette-normal__runtime.png	rc31-original-trs-v1:pm0129_00:00:none:normal	8	1	8	0.9333333969116211	256	256	35	26	221	235	128	298.2767640894516	157	15	16	6f0f44d7d9dca38620ff982e7e95797170bd7b08c6891149b7a915d7844ce6f3	a57aa4139023aa7512e3b6be797fcacd804201163fa47dbec1664857f698d347	92f7ec0412c171debf310f8b58c110b32bc7679db7cc76ce4501c25b39eef95a	assets/pokemon-animation-cards/rc31-kanto-101-151-source-audited-v4/dex-129__form-00__gender-none__palette-normal__admission.json	verified-render
129	magikarp	base	none	shiny	assets/pokemon-animation-cards/rc31-kanto-101-151-source-audited-v4/dex-129__form-00__gender-none__palette-shiny__idle-8x4.png	assets/pokemon-animation-cards/rc31-kanto-101-151-source-audited-v4/dex-129__form-00__gender-none__palette-shiny__walk-8x4.png	assets/pokemon-animation-cards/rc31-kanto-101-151-source-audited-v4/dex-129__form-00__gender-none__palette-shiny__runtime.png	rc31-original-trs-v1:pm0129_00:00:none:shiny	8	1	8	0.9333333969116211	256	256	35	26	221	235	128	298.2767640894516	157	15	16	0b841262924df054cea766852c6b6dee3678768dcbd810ea9928d04a8cd8c11f	1ff1da0b9ec125efe68c5eef4593c09bd61e65c35fa43dc00bb56eaf67daa86f	c95dcc3a1ebeb56bf77a3c2d20f3666b37706347b4cdda919d29d4440dad10b8	assets/pokemon-animation-cards/rc31-kanto-101-151-source-audited-v4/dex-129__form-00__gender-none__palette-shiny__admission.json	verified-render
131	lapras	base	none	normal	assets/pokemon-animation-cards/rc31-kanto-101-151-source-audited-v4/dex-131__form-00__gender-none__palette-normal__idle-8x4.png	assets/pokemon-animation-cards/rc31-kanto-101-151-source-audited-v4/dex-131__form-00__gender-none__palette-normal__walk-8x4.png	assets/pokemon-animation-cards/rc31-kanto-101-151-source-audited-v4/dex-131__form-00__gender-none__palette-normal__runtime.png	rc31-original-trs-v1:pm0131_00:00:none:normal	8	3.000000238418579	8	2.1666667461395264	256	256	17	45	239	213	128	200.64827474310286	149	15	13	06c635ab6857218e4f16d6e87c5d9b80b88ed51c98e8b682e6d6eb00efdd24e3	0e109953cb894372e30cf71eb12effb1cae9717b03ad225a67b24fd73e22332b	d29d004709978c39905e26aad9c362992c83c0bbb9426131ed40943a33c4411e	assets/pokemon-animation-cards/rc31-kanto-101-151-source-audited-v4/dex-131__form-00__gender-none__palette-normal__admission.json	verified-render
131	lapras	base	none	shiny	assets/pokemon-animation-cards/rc31-kanto-101-151-source-audited-v4/dex-131__form-00__gender-none__palette-shiny__idle-8x4.png	assets/pokemon-animation-cards/rc31-kanto-101-151-source-audited-v4/dex-131__form-00__gender-none__palette-shiny__walk-8x4.png	assets/pokemon-animation-cards/rc31-kanto-101-151-source-audited-v4/dex-131__form-00__gender-none__palette-shiny__runtime.png	rc31-original-trs-v1:pm0131_00:00:none:shiny	8	3.000000238418579	8	2.1666667461395264	256	256	17	45	239	213	128	200.64827474310286	149	15	13	59ffa72c19abfd3d63f3315b872f9bd95d45df8174061d57c0939f698987afda	1305da1130f2bafb1f46eaf0681668a733bb6c1832ec1e92d78c1d90308194db	7f3a5d82348a7d683fc38adc30f2d8c4ee12e96589e80428966b9e96b2933671	assets/pokemon-animation-cards/rc31-kanto-101-151-source-audited-v4/dex-131__form-00__gender-none__palette-shiny__admission.json	verified-render
133	eevee	base	none	normal	assets/pokemon-animation-cards/rc31-kanto-101-151-source-audited-v4/dex-133__form-00__gender-none__palette-normal__idle-8x4.png	assets/pokemon-animation-cards/rc31-kanto-101-151-source-audited-v4/dex-133__form-00__gender-none__palette-normal__walk-8x4.png	assets/pokemon-animation-cards/rc31-kanto-101-151-source-audited-v4/dex-133__form-00__gender-none__palette-normal__runtime.png	rc31-original-trs-v1:pm0133_00:00:none:normal	8	0.8666667342185974	8	1	256	256	17	49	239	204	128	195.23106591144577	141	15	13	fdd6cd14fd20bac4c12608953a9df6645777a8bd5c8331f732a32ea15900a0eb	f61bc0795526c32b28e802ebb5c0678ae1a2aa64c5ed6afb1625c62f8658a76c	288f21c7ee16b8a0bb7abd464e7c5d4c0b5deb5ad3edb8a789b02eabc21a4f47	assets/pokemon-animation-cards/rc31-kanto-101-151-source-audited-v4/dex-133__form-00__gender-none__palette-normal__admission.json	verified-render
133	eevee	base	none	shiny	assets/pokemon-animation-cards/rc31-kanto-101-151-source-audited-v4/dex-133__form-00__gender-none__palette-shiny__idle-8x4.png	assets/pokemon-animation-cards/rc31-kanto-101-151-source-audited-v4/dex-133__form-00__gender-none__palette-shiny__walk-8x4.png	assets/pokemon-animation-cards/rc31-kanto-101-151-source-audited-v4/dex-133__form-00__gender-none__palette-shiny__runtime.png	rc31-original-trs-v1:pm0133_00:00:none:shiny	8	0.8666667342185974	8	1	256	256	17	49	239	204	128	195.23106591144577	141	15	13	5b3d6373038eb266c09dec9be365d1d5e7b43304dd308346f3e8a54a6b68fb9b	7bd7aae3b8696cf5f7d4860581e251491aa4859bb531fb315ef868f270688417	b147a464dd75ba5d06010f161ca874ba43980053679c5c6e1e91310ad64b24aa	assets/pokemon-animation-cards/rc31-kanto-101-151-source-audited-v4/dex-133__form-00__gender-none__palette-shiny__admission.json	verified-render
135	jolteon	base	none	normal	assets/pokemon-animation-cards/rc31-kanto-101-151-source-audited-v4/dex-135__form-00__gender-none__palette-normal__idle-8x4.png	assets/pokemon-animation-cards/rc31-kanto-101-151-source-audited-v4/dex-135__form-00__gender-none__palette-normal__walk-8x4.png	assets/pokemon-animation-cards/rc31-kanto-101-151-source-audited-v4/dex-135__form-00__gender-none__palette-normal__runtime.png	rc31-original-trs-v1:pm0135_00:00:none:normal	8	1.3333333730697632	8	0.8000000715255737	256	256	17	42	239	217	128	203.44736721935342	165	15	16	e5694a268f0f3de852a76ea6e46c1edea49140e31bc636a36629745169e4f878	65e26151f0ddb2ac4476a4f72a0b82b5a03144f8dfc1355e306eff6417619445	7ce1ba85f7f184ae172b89b082ceaac312227235c4bb9a7599f03aac50b57d4f	assets/pokemon-animation-cards/rc31-kanto-101-151-source-audited-v4/dex-135__form-00__gender-none__palette-normal__admission.json	verified-render
135	jolteon	base	none	shiny	assets/pokemon-animation-cards/rc31-kanto-101-151-source-audited-v4/dex-135__form-00__gender-none__palette-shiny__idle-8x4.png	assets/pokemon-animation-cards/rc31-kanto-101-151-source-audited-v4/dex-135__form-00__gender-none__palette-shiny__walk-8x4.png	assets/pokemon-animation-cards/rc31-kanto-101-151-source-audited-v4/dex-135__form-00__gender-none__palette-shiny__runtime.png	rc31-original-trs-v1:pm0135_00:00:none:shiny	8	1.3333333730697632	8	0.8000000715255737	256	256	17	42	239	217	128	203.44736721935342	165	15	16	ff89fee3f9bd87a324d5a07eac70b58f6af6f4859eab25b2cff46754b0299ae8	7de0260f6499a83f63a7b71d4141311bbb7a292075ea089e9845b0474839bf69	200e00576ce9472c66c3a18a3c84a859a151ebac60305b2c107dad89dc5aec22	assets/pokemon-animation-cards/rc31-kanto-101-151-source-audited-v4/dex-135__form-00__gender-none__palette-shiny__admission.json	verified-render
140	kabuto	base	none	normal	assets/pokemon-animation-cards/rc31-kanto-101-151-source-audited-v4/dex-140__form-00__gender-none__palette-normal__idle-8x4.png	assets/pokemon-animation-cards/rc31-kanto-101-151-source-audited-v4/dex-140__form-00__gender-none__palette-normal__walk-8x4.png	assets/pokemon-animation-cards/rc31-kanto-101-151-source-audited-v4/dex-140__form-00__gender-none__palette-normal__runtime.png	rc31-original-trs-v1:pm0140_00:00:none:normal	8	2	8	0.46666669845581055	256	256	17	40	239	217	128	207.45982345087035	149	15	11	8af9a25fe144a62b230271a7687d6b7222d5b5454de31d7c84e1f5b2543facb6	97f929bc6cbc3f26214e76f72cd1c5c59e24326acde33a059a08540189416cd7	26c92e8023b2c19e37e87dc32ce1b7cb8130c43bfdc4181b9de1461003a69cbc	assets/pokemon-animation-cards/rc31-kanto-101-151-source-audited-v4/dex-140__form-00__gender-none__palette-normal__admission.json	verified-render
140	kabuto	base	none	shiny	assets/pokemon-animation-cards/rc31-kanto-101-151-source-audited-v4/dex-140__form-00__gender-none__palette-shiny__idle-8x4.png	assets/pokemon-animation-cards/rc31-kanto-101-151-source-audited-v4/dex-140__form-00__gender-none__palette-shiny__walk-8x4.png	assets/pokemon-animation-cards/rc31-kanto-101-151-source-audited-v4/dex-140__form-00__gender-none__palette-shiny__runtime.png	rc31-original-trs-v1:pm0140_00:00:none:shiny	8	2	8	0.46666669845581055	256	256	17	40	239	217	128	207.45982345087035	149	15	11	8714ebc0515472ea50e4f6bedebce1dbd0c7ca7f4ae7cca28a21c777cbe2fe00	805627d1c24457a6ade4e6d5825869b78a418b9da8ed1cc470fd68ccf47abc78	72f7e96d1ada96d013d12a9c71ff54c55b8da9a24c0b7dc12f7c365e5d849655	assets/pokemon-animation-cards/rc31-kanto-101-151-source-audited-v4/dex-140__form-00__gender-none__palette-shiny__admission.json	verified-render
141	kabutops	base	none	normal	assets/pokemon-animation-cards/rc31-kanto-101-151-source-audited-v4/dex-141__form-00__gender-none__palette-normal__idle-8x4.png	assets/pokemon-animation-cards/rc31-kanto-101-151-source-audited-v4/dex-141__form-00__gender-none__palette-normal__walk-8x4.png	assets/pokemon-animation-cards/rc31-kanto-101-151-source-audited-v4/dex-141__form-00__gender-none__palette-normal__runtime.png	rc31-original-trs-v1:pm0141_00:00:none:normal	8	1.2000000476837158	8	1.3333333730697632	256	256	17	21	239	235	128	222.2877643342251	206	14	16	2e7e06d41bda2cd50713c2c79582a0f229ef7fa4d7036603b62c44010c22ff77	0cdf6937ea507ef2055db010ce6f999b86d9610b0e8c581035193e4ed9644d5e	ee376319f941ab17787f5104595b47588c4cc536e7ee8b6da20e9e9e7aa2b900	assets/pokemon-animation-cards/rc31-kanto-101-151-source-audited-v4/dex-141__form-00__gender-none__palette-normal__admission.json	verified-render
141	kabutops	base	none	shiny	assets/pokemon-animation-cards/rc31-kanto-101-151-source-audited-v4/dex-141__form-00__gender-none__palette-shiny__idle-8x4.png	assets/pokemon-animation-cards/rc31-kanto-101-151-source-audited-v4/dex-141__form-00__gender-none__palette-shiny__walk-8x4.png	assets/pokemon-animation-cards/rc31-kanto-101-151-source-audited-v4/dex-141__form-00__gender-none__palette-shiny__runtime.png	rc31-original-trs-v1:pm0141_00:00:none:shiny	8	1.2000000476837158	8	1.3333333730697632	256	256	17	21	239	235	128	222.2877643342251	206	14	16	b04fac19a100d0ba691a5c2e9c0053a8fc7adfc6e39affadc423d9e8e0878474	42de1bcc9c3748ebf9a2f2c148136495344b7610f36961d174dd5212a878b693	f34daf0bd8a82db72209fbdf182fcc63d84c4cad49d4b62d72b8b57eda6c3644	assets/pokemon-animation-cards/rc31-kanto-101-151-source-audited-v4/dex-141__form-00__gender-none__palette-shiny__admission.json	verified-render
143	snorlax	base	none	normal	assets/pokemon-animation-cards/rc31-kanto-101-151-source-audited-v4/dex-143__form-00__gender-none__palette-normal__idle-8x4.png	assets/pokemon-animation-cards/rc31-kanto-101-151-source-audited-v4/dex-143__form-00__gender-none__palette-normal__walk-8x4.png	assets/pokemon-animation-cards/rc31-kanto-101-151-source-audited-v4/dex-143__form-00__gender-none__palette-normal__runtime.png	rc31-original-trs-v1:pm0143_00:00:none:normal	8	2.500000238418579	8	2.500000238418579	256	256	17	33	239	228	128	215.940255993541	188	15	16	e18f52aea7668e5fddcea66bf533630fd71bdcd3bb60fea54636b9abfa634315	73c6fa1ea5c6e5d99baf80e1e1e4417ffc7d4f147eaadaabff635c4e701d847b	ac356c745876315f05506f63b154689c850f1a5351caba9597dc98f3152418da	assets/pokemon-animation-cards/rc31-kanto-101-151-source-audited-v4/dex-143__form-00__gender-none__palette-normal__admission.json	verified-render
143	snorlax	base	none	shiny	assets/pokemon-animation-cards/rc31-kanto-101-151-source-audited-v4/dex-143__form-00__gender-none__palette-shiny__idle-8x4.png	assets/pokemon-animation-cards/rc31-kanto-101-151-source-audited-v4/dex-143__form-00__gender-none__palette-shiny__walk-8x4.png	assets/pokemon-animation-cards/rc31-kanto-101-151-source-audited-v4/dex-143__form-00__gender-none__palette-shiny__runtime.png	rc31-original-trs-v1:pm0143_00:00:none:shiny	8	2.500000238418579	8	2.500000238418579	256	256	17	33	239	228	128	215.940255993541	188	15	16	34902a302de1b2743f6ff72b874b932fea8a5063fbdf2fc2e1ba82c309e8b43e	0a7f2141547166a16277c491310fd38e06fe39716770cf20cb99c2d0adb7c13b	da9c4861dd0588891f6fce3dd0c3b364d049d7c1c4b85fd657a5773c960c6a1c	assets/pokemon-animation-cards/rc31-kanto-101-151-source-audited-v4/dex-143__form-00__gender-none__palette-shiny__admission.json	verified-render
149	dragonite	base	none	normal	assets/pokemon-animation-cards/rc31-kanto-101-151-source-audited-v4/dex-149__form-00__gender-none__palette-normal__idle-8x4.png	assets/pokemon-animation-cards/rc31-kanto-101-151-source-audited-v4/dex-149__form-00__gender-none__palette-normal__walk-8x4.png	assets/pokemon-animation-cards/rc31-kanto-101-151-source-audited-v4/dex-149__form-00__gender-none__palette-normal__runtime.png	rc31-original-trs-v1:pm0149_00:00:none:normal	8	1.5000001192092896	8	0.8333333730697632	256	256	17	41	239	215	128	175.9250537528525	115	15	16	8f1ee6088180a15bf26b6e0c23b86a4a317438149eaac134b2d8278009ac13d4	dbf42efb4e3e04c4533f1dc9598204512b3c45cec5234293faf0064bc2a9c625	c8a27265d54f48235f5db8da585b45e91b85a26eb45b5a1e23de349d3c7a8c7d	assets/pokemon-animation-cards/rc31-kanto-101-151-source-audited-v4/dex-149__form-00__gender-none__palette-normal__admission.json	verified-render
149	dragonite	base	none	shiny	assets/pokemon-animation-cards/rc31-kanto-101-151-source-audited-v4/dex-149__form-00__gender-none__palette-shiny__idle-8x4.png	assets/pokemon-animation-cards/rc31-kanto-101-151-source-audited-v4/dex-149__form-00__gender-none__palette-shiny__walk-8x4.png	assets/pokemon-animation-cards/rc31-kanto-101-151-source-audited-v4/dex-149__form-00__gender-none__palette-shiny__runtime.png	rc31-original-trs-v1:pm0149_00:00:none:shiny	8	1.5000001192092896	8	0.8333333730697632	256	256	17	41	239	215	128	175.9250537528525	115	15	16	90d034a566bca6a20b90f846802c850d95d29157edefcffe32826f2c8ee4d33c	4d1bae5768c2ceabf4d363aec0276abb6caea95182a7693a36831ae31c4158e3	b535ae8f49007ce9aa0a99b38c5c94ec0e56aaf43b39d5c4795c6ac9fd17fafd	assets/pokemon-animation-cards/rc31-kanto-101-151-source-audited-v4/dex-149__form-00__gender-none__palette-shiny__admission.json	verified-render
52	meowth	base	none	normal	assets/pokemon-animation-cards/rc31-kanto-051-100-source-audited-v4/dex-052__form-00__gender-none__palette-normal__idle-8x4.png	assets/pokemon-animation-cards/rc31-kanto-051-100-source-audited-v4/dex-052__form-00__gender-none__palette-normal__walk-8x4.png	assets/pokemon-animation-cards/rc31-kanto-051-100-source-audited-v4/dex-052__form-00__gender-none__palette-normal__runtime.png	rc31-original-trs-reviewed-body-skin-v4:pm0052_00:00:none:normal	8	1.4000000953674316	8	1.033333420753479	256	256	21	24	235	232	128	222.5718629450204	192.6466299799575	13	16	09246c2fd09105c8f55fd9c1f80dbfc83a87e1b28a780d37357910bda968c99e	174183aa54d5c32c96a39cf398ca06101924646f19ac147cfaf7ac803c6fe472	a7562888920c713a8b033208bf1f0d85b43b8df10b70239c893ad0750c59a8cf	assets/pokemon-animation-cards/rc31-kanto-051-100-source-audited-v4/dex-052__form-00__gender-none__palette-normal__admission.json	verified-render
52	meowth	base	none	shiny	assets/pokemon-animation-cards/rc31-kanto-051-100-source-audited-v4/dex-052__form-00__gender-none__palette-shiny__idle-8x4.png	assets/pokemon-animation-cards/rc31-kanto-051-100-source-audited-v4/dex-052__form-00__gender-none__palette-shiny__walk-8x4.png	assets/pokemon-animation-cards/rc31-kanto-051-100-source-audited-v4/dex-052__form-00__gender-none__palette-shiny__runtime.png	rc31-original-trs-reviewed-body-skin-v4:pm0052_00:00:none:shiny	8	1.4000000953674316	8	1.033333420753479	256	256	21	24	235	232	128	222.5718629450204	192.6466299799575	13	16	007ef607306fc7ef90d24ca867f50916af0bacbeb5602107a9820d3109e8c07d	e17ebb405a99e6dfcd50255d3eecf3f4f389e1f2ce258c711deb0f69685858ac	586592ab8a76176e805eae5994d95b141658739a15fd65892067e0563e75150e	assets/pokemon-animation-cards/rc31-kanto-051-100-source-audited-v4/dex-052__form-00__gender-none__palette-shiny__admission.json	verified-render
53	persian	base	none	normal	assets/pokemon-animation-cards/rc31-kanto-051-100-source-audited-v4/dex-053__form-00__gender-none__palette-normal__idle-8x4.png	assets/pokemon-animation-cards/rc31-kanto-051-100-source-audited-v4/dex-053__form-00__gender-none__palette-normal__walk-8x4.png	assets/pokemon-animation-cards/rc31-kanto-051-100-source-audited-v4/dex-053__form-00__gender-none__palette-normal__runtime.png	rc31-original-trs-reviewed-body-skin-v4:pm0053_00:00:none:normal	8	1.6666667461395264	8	1.1666667461395264	256	256	17	71	239	186	128	172.61978121395103	102.70501807598978	15	16	05199a153785c1e3efa2c5fa546d00ee9abcc0e808a47b070726b61a4a25bc83	ea019951ec97533ad705cf3924504afac46477fc6d9147169d1c567fdfea63f2	be18fcc79bf5d6bf2dd76fa74cf3f832c88ce71251f770a9be81b469c101cb40	assets/pokemon-animation-cards/rc31-kanto-051-100-source-audited-v4/dex-053__form-00__gender-none__palette-normal__admission.json	verified-render
53	persian	base	none	shiny	assets/pokemon-animation-cards/rc31-kanto-051-100-source-audited-v4/dex-053__form-00__gender-none__palette-shiny__idle-8x4.png	assets/pokemon-animation-cards/rc31-kanto-051-100-source-audited-v4/dex-053__form-00__gender-none__palette-shiny__walk-8x4.png	assets/pokemon-animation-cards/rc31-kanto-051-100-source-audited-v4/dex-053__form-00__gender-none__palette-shiny__runtime.png	rc31-original-trs-reviewed-body-skin-v4:pm0053_00:00:none:shiny	8	1.6666667461395264	8	1.1666667461395264	256	256	17	71	239	186	128	172.61978121395103	102.70501807598978	15	16	cebfbbab954133d15a89f95e6bed323a1dc3764b313a8594a07a8a3ba369bfd3	efb57c1f434331320e0835a311102a45dacbf2c48a3a77de97819b5c5ab9baf7	6b930315c4d4fdfcc30b07fbeb76bf426ff7abf520b5c26457b01e93dd01f053	assets/pokemon-animation-cards/rc31-kanto-051-100-source-audited-v4/dex-053__form-00__gender-none__palette-shiny__admission.json	verified-render
54	psyduck	base	none	normal	assets/pokemon-animation-cards/rc31-kanto-051-100-source-audited-v4/dex-054__form-00__gender-none__palette-normal__idle-8x4.png	assets/pokemon-animation-cards/rc31-kanto-051-100-source-audited-v4/dex-054__form-00__gender-none__palette-normal__walk-8x4.png	assets/pokemon-animation-cards/rc31-kanto-051-100-source-audited-v4/dex-054__form-00__gender-none__palette-normal__runtime.png	rc31-original-trs-reviewed-body-skin-v4:pm0054_00:00:none:normal	8	1.6666667461395264	8	1	256	256	23	26	233	233	128	223.81355590785165	198.51316048314715	15	16	6b1f526f2e2b27fd95d9277eb00bb36cb200d336caecdbaf19a86e69407d81e4	e0a21497c135110b266fe1096a8e395012c98316be20a11ca1aeab69947fb6cf	77ecc28bca595c6fab81448bf09179f7699be68a666192009f8e57376fc50885	assets/pokemon-animation-cards/rc31-kanto-051-100-source-audited-v4/dex-054__form-00__gender-none__palette-normal__admission.json	verified-render
54	psyduck	base	none	shiny	assets/pokemon-animation-cards/rc31-kanto-051-100-source-audited-v4/dex-054__form-00__gender-none__palette-shiny__idle-8x4.png	assets/pokemon-animation-cards/rc31-kanto-051-100-source-audited-v4/dex-054__form-00__gender-none__palette-shiny__walk-8x4.png	assets/pokemon-animation-cards/rc31-kanto-051-100-source-audited-v4/dex-054__form-00__gender-none__palette-shiny__runtime.png	rc31-original-trs-reviewed-body-skin-v4:pm0054_00:00:none:shiny	8	1.6666667461395264	8	1	256	256	23	26	233	233	128	223.81355590785165	198.51316048314715	15	16	fba228faf3fe05da047fcb2e972840ac1790d8c9b4f2952c238beedef0b8a39d	c5141d5b5b0c5a9f6a9cd70016b3c61ee6a0b8a483ac35dfb18337af38f6aebd	7215d0f9a8091d6cb02b8e4d332b2cbd136c73b14e0ab329e3e9c9852128cefd	assets/pokemon-animation-cards/rc31-kanto-051-100-source-audited-v4/dex-054__form-00__gender-none__palette-shiny__admission.json	verified-render
55	golduck	base	none	normal	assets/pokemon-animation-cards/rc31-kanto-051-100-source-audited-v4/dex-055__form-00__gender-none__palette-normal__idle-8x4.png	assets/pokemon-animation-cards/rc31-kanto-051-100-source-audited-v4/dex-055__form-00__gender-none__palette-normal__walk-8x4.png	assets/pokemon-animation-cards/rc31-kanto-051-100-source-audited-v4/dex-055__form-00__gender-none__palette-normal__runtime.png	rc31-original-trs-reviewed-body-skin-v4:pm0055_00:00:none:normal	8	1.6666667461395264	8	1	256	256	24	27	232	234	128	223.1951926595002	180.10164736144864	15	16	9b89e9ecc08c1cd3ecdc4d65475c787d85baea3c95fe5be590ccf27426f4c554	5c0c79bfd7e079d4b8d654ac9435662d5f150ce5cdb4c0cd6cf2c9aab9ecdc10	5572a5b00267fcf52eff4d4bfcef81700928fcaffd61a16c74c9b80efbcf98e7	assets/pokemon-animation-cards/rc31-kanto-051-100-source-audited-v4/dex-055__form-00__gender-none__palette-normal__admission.json	verified-render
55	golduck	base	none	shiny	assets/pokemon-animation-cards/rc31-kanto-051-100-source-audited-v4/dex-055__form-00__gender-none__palette-shiny__idle-8x4.png	assets/pokemon-animation-cards/rc31-kanto-051-100-source-audited-v4/dex-055__form-00__gender-none__palette-shiny__walk-8x4.png	assets/pokemon-animation-cards/rc31-kanto-051-100-source-audited-v4/dex-055__form-00__gender-none__palette-shiny__runtime.png	rc31-original-trs-reviewed-body-skin-v4:pm0055_00:00:none:shiny	8	1.6666667461395264	8	1	256	256	24	27	232	234	128	223.1951926595002	180.10164736144864	15	16	13ef61736f6e4e4c31508a9870ca55078014c50cca5dac1cc6a2903891882629	9bc4cdd0365c8cd42ce39d9e96f632038de15ca4c1c1fc03b7059d023ab41720	e6e8632164ac0081634e0d44e91b6462c21ee5483dc3f87c7e9317ffe58ee9a2	assets/pokemon-animation-cards/rc31-kanto-051-100-source-audited-v4/dex-055__form-00__gender-none__palette-shiny__admission.json	verified-render
56	mankey	base	none	normal	assets/pokemon-animation-cards/rc31-kanto-051-100-source-audited-v4/dex-056__form-00__gender-none__palette-normal__idle-8x4.png	assets/pokemon-animation-cards/rc31-kanto-051-100-source-audited-v4/dex-056__form-00__gender-none__palette-normal__walk-8x4.png	assets/pokemon-animation-cards/rc31-kanto-051-100-source-audited-v4/dex-056__form-00__gender-none__palette-normal__runtime.png	rc31-original-trs-reviewed-body-skin-v4:pm0056_00:00:none:normal	8	0.9333333969116211	8	0.8333333730697632	256	256	20	24	236	231	128	221.87009777183684	151.51950078224985	15	16	3f054946779e8b57548f146873eaf4d6925d7e0d867735ec61f5b3ab9895163d	c6056f97d58dd8a9dda402530413e80f283779ead34f136e4a3f4273a66db65f	04d2620cd423c3d412ca5cfb067aa1666af4ce45eef002ab5d3b1d30b1463a55	assets/pokemon-animation-cards/rc31-kanto-051-100-source-audited-v4/dex-056__form-00__gender-none__palette-normal__admission.json	verified-render
56	mankey	base	none	shiny	assets/pokemon-animation-cards/rc31-kanto-051-100-source-audited-v4/dex-056__form-00__gender-none__palette-shiny__idle-8x4.png	assets/pokemon-animation-cards/rc31-kanto-051-100-source-audited-v4/dex-056__form-00__gender-none__palette-shiny__walk-8x4.png	assets/pokemon-animation-cards/rc31-kanto-051-100-source-audited-v4/dex-056__form-00__gender-none__palette-shiny__runtime.png	rc31-original-trs-reviewed-body-skin-v4:pm0056_00:00:none:shiny	8	0.9333333969116211	8	0.8333333730697632	256	256	20	24	236	231	128	221.87009777183684	151.51950078224985	15	16	d3ca655fbf0a1ea4632f29ab916c96174926b21d466b77ff3cd21245a00edafd	9a0fb54ff6c83b039bb5ecc8824a3a79700c83f2fff0811a3213011a5ca7b05d	759ed87c8a214be73675c1985d71cd3ded490896863eea1b31523e53869a58d1	assets/pokemon-animation-cards/rc31-kanto-051-100-source-audited-v4/dex-056__form-00__gender-none__palette-shiny__admission.json	verified-render
57	primeape	base	none	normal	assets/pokemon-animation-cards/rc31-kanto-051-100-source-audited-v4/dex-057__form-00__gender-none__palette-normal__idle-8x4.png	assets/pokemon-animation-cards/rc31-kanto-051-100-source-audited-v4/dex-057__form-00__gender-none__palette-normal__walk-8x4.png	assets/pokemon-animation-cards/rc31-kanto-051-100-source-audited-v4/dex-057__form-00__gender-none__palette-normal__runtime.png	rc31-original-trs-reviewed-body-skin-v4:pm0057_00:00:none:normal	8	1.3333333730697632	8	0.8333333730697632	256	256	22	27	234	233	128	221.48423925990434	192.17224739562144	15	16	7429b76a718062cad4e0c37df424ca93a87ca2843c65d990e887f62e47ba287d	26cd3eef562b0a2d04ff50b6b6fc9fd57fb3de9f695b1de76acea1504bd7099a	bc0a098642786bf916edef52c5b249dc2d2936f008eb19238854d8ff347581c0	assets/pokemon-animation-cards/rc31-kanto-051-100-source-audited-v4/dex-057__form-00__gender-none__palette-normal__admission.json	verified-render
57	primeape	base	none	shiny	assets/pokemon-animation-cards/rc31-kanto-051-100-source-audited-v4/dex-057__form-00__gender-none__palette-shiny__idle-8x4.png	assets/pokemon-animation-cards/rc31-kanto-051-100-source-audited-v4/dex-057__form-00__gender-none__palette-shiny__walk-8x4.png	assets/pokemon-animation-cards/rc31-kanto-051-100-source-audited-v4/dex-057__form-00__gender-none__palette-shiny__runtime.png	rc31-original-trs-reviewed-body-skin-v4:pm0057_00:00:none:shiny	8	1.3333333730697632	8	0.8333333730697632	256	256	22	27	234	233	128	221.48423925990434	192.17224739562144	15	16	a2123d763aa1b2e153b875dcfd0e262c9e6229bdbf776fa7866c0608f53d866d	958aa17c95cc037a7993ba2dee270ebd495088a79fae98f7c2b90b6f9e2acfe7	78ce176bac73088dd3a198b8b54cb9cc6c48574243e4a2b809cfc446e5dbf14c	assets/pokemon-animation-cards/rc31-kanto-051-100-source-audited-v4/dex-057__form-00__gender-none__palette-shiny__admission.json	verified-render
58	growlithe	base	none	normal	assets/pokemon-animation-cards/rc31-kanto-051-100-source-audited-v4/dex-058__form-00__gender-none__palette-normal__idle-8x4.png	assets/pokemon-animation-cards/rc31-kanto-051-100-source-audited-v4/dex-058__form-00__gender-none__palette-normal__walk-8x4.png	assets/pokemon-animation-cards/rc31-kanto-051-100-source-audited-v4/dex-058__form-00__gender-none__palette-normal__runtime.png	rc31-original-trs-reviewed-body-skin-v4:pm0058_00:00:none:normal	8	0.8000000715255737	8	0.6666666865348816	256	256	17	63	239	201	128	189.25645124307616	131.1251926479084	15	16	2dfda538980133d42e65b85664170a97a710436ea061fe66aadf0e412ddd1414	a4ec0abb900a4a83f784270ee4f46b42b5b71e759e560902dfe8f9679084cbce	d39dae2804a9efb82f33f037547f03ae9ac54c0aacda223af2e7869df07f85dd	assets/pokemon-animation-cards/rc31-kanto-051-100-source-audited-v4/dex-058__form-00__gender-none__palette-normal__admission.json	verified-render
58	growlithe	base	none	shiny	assets/pokemon-animation-cards/rc31-kanto-051-100-source-audited-v4/dex-058__form-00__gender-none__palette-shiny__idle-8x4.png	assets/pokemon-animation-cards/rc31-kanto-051-100-source-audited-v4/dex-058__form-00__gender-none__palette-shiny__walk-8x4.png	assets/pokemon-animation-cards/rc31-kanto-051-100-source-audited-v4/dex-058__form-00__gender-none__palette-shiny__runtime.png	rc31-original-trs-reviewed-body-skin-v4:pm0058_00:00:none:shiny	8	0.8000000715255737	8	0.6666666865348816	256	256	17	63	239	201	128	189.25645124307616	131.1251926479084	15	16	c007ed0eee0549d7fcdc0af586b7b71dbc6c0be9dba4e51224c3071766ba5db5	96c8e08c25d2b250e9828f4f04ffdc7cf1d5795bf53e63d8cbd2e815c3223445	b36c17091d9ca2a17d1fe399794198566dc9e3f3a277cff652b4b18224a4a561	assets/pokemon-animation-cards/rc31-kanto-051-100-source-audited-v4/dex-058__form-00__gender-none__palette-shiny__admission.json	verified-render
59	arcanine	base	none	normal	assets/pokemon-animation-cards/rc31-kanto-051-100-source-audited-v4/dex-059__form-00__gender-none__palette-normal__idle-8x4.png	assets/pokemon-animation-cards/rc31-kanto-051-100-source-audited-v4/dex-059__form-00__gender-none__palette-normal__walk-8x4.png	assets/pokemon-animation-cards/rc31-kanto-051-100-source-audited-v4/dex-059__form-00__gender-none__palette-normal__runtime.png	rc31-original-trs-reviewed-body-skin-v4:pm0059_00:00:none:normal	8	1.7333334684371948	8	1.2666667699813843	256	256	17	74	239	183	128	174.52950319582	98.42064316201376	15	16	bc636f84fabfa33053dbfd53da4b21e8d3fb3bfd6e59dce5834d627fdcba8591	d11829999fd41402f01984e7897ce0d4bd8f07e7cee67c7d9f49c3bf262bbb86	9c481ae044a7fabe4542cded14dd8632be34ac294393051f727da37e33546085	assets/pokemon-animation-cards/rc31-kanto-051-100-source-audited-v4/dex-059__form-00__gender-none__palette-normal__admission.json	verified-render
59	arcanine	base	none	shiny	assets/pokemon-animation-cards/rc31-kanto-051-100-source-audited-v4/dex-059__form-00__gender-none__palette-shiny__idle-8x4.png	assets/pokemon-animation-cards/rc31-kanto-051-100-source-audited-v4/dex-059__form-00__gender-none__palette-shiny__walk-8x4.png	assets/pokemon-animation-cards/rc31-kanto-051-100-source-audited-v4/dex-059__form-00__gender-none__palette-shiny__runtime.png	rc31-original-trs-reviewed-body-skin-v4:pm0059_00:00:none:shiny	8	1.7333334684371948	8	1.2666667699813843	256	256	17	74	239	183	128	174.52950319582	98.42064316201376	15	16	232b30a1dcfcd75bb13493f31199d38e61efab3441dec0368a629f2bd776e041	63a08a51a6438604ce65610e1f9ff3adb0ef483f81228d60b082e3f043f7e935	caefee75ceb43602a5d18957e064be380c0c71c675bf93049a46217ba8adc0ec	assets/pokemon-animation-cards/rc31-kanto-051-100-source-audited-v4/dex-059__form-00__gender-none__palette-shiny__admission.json	verified-render
61	poliwhirl	base	none	normal	assets/pokemon-animation-cards/rc31-kanto-051-100-source-audited-v4/dex-061__form-00__gender-none__palette-normal__idle-8x4.png	assets/pokemon-animation-cards/rc31-kanto-051-100-source-audited-v4/dex-061__form-00__gender-none__palette-normal__walk-8x4.png	assets/pokemon-animation-cards/rc31-kanto-051-100-source-audited-v4/dex-061__form-00__gender-none__palette-normal__runtime.png	rc31-original-trs-reviewed-body-skin-v4:pm0061_00:00:none:normal	8	1.3333333730697632	8	1	256	256	17	51	239	208	128	198.85300857731443	147.83412690123083	15	16	d789e78fda51e0e137fca213497dae6abee7b69b0173b79fe7ee3c76e1a99c5b	0ed0ac1edab3c474bb4914f00242a4c6df6dabc326e74ea42cc7480eb8c3aec0	601a89c2a37dab83d0fb6b27f417ac5f0e4dd9f7170f6f3e6e6ced4c3d1da573	assets/pokemon-animation-cards/rc31-kanto-051-100-source-audited-v4/dex-061__form-00__gender-none__palette-normal__admission.json	verified-render
61	poliwhirl	base	none	shiny	assets/pokemon-animation-cards/rc31-kanto-051-100-source-audited-v4/dex-061__form-00__gender-none__palette-shiny__idle-8x4.png	assets/pokemon-animation-cards/rc31-kanto-051-100-source-audited-v4/dex-061__form-00__gender-none__palette-shiny__walk-8x4.png	assets/pokemon-animation-cards/rc31-kanto-051-100-source-audited-v4/dex-061__form-00__gender-none__palette-shiny__runtime.png	rc31-original-trs-reviewed-body-skin-v4:pm0061_00:00:none:shiny	8	1.3333333730697632	8	1	256	256	17	51	239	208	128	198.85300857731443	147.83412690123083	15	16	10450777133fab5d4da02ea3b5630097ada419bce630f7c0a67e19e9cc97f506	b8a0b38877a9688efe7395dfd1b509d2a10dded879e40adbe2cff2a724ca297e	394acccc545a4f9e596bc764f1d32cdbca64c052ca10b4fe7979224cbb9a8a6e	assets/pokemon-animation-cards/rc31-kanto-051-100-source-audited-v4/dex-061__form-00__gender-none__palette-shiny__admission.json	verified-render
62	poliwrath	base	none	normal	assets/pokemon-animation-cards/rc31-kanto-051-100-source-audited-v4/dex-062__form-00__gender-none__palette-normal__idle-8x4.png	assets/pokemon-animation-cards/rc31-kanto-051-100-source-audited-v4/dex-062__form-00__gender-none__palette-normal__walk-8x4.png	assets/pokemon-animation-cards/rc31-kanto-051-100-source-audited-v4/dex-062__form-00__gender-none__palette-normal__runtime.png	rc31-original-trs-reviewed-body-skin-v4:pm0062_00:00:none:normal	8	1.2333333492279053	8	1	256	256	17	49	239	211	128	200.5615383935299	147.0061848040269	15	16	f1cb91358aa924005ac03cd9e052620728d32825268580b45950534ab3513fd7	27acb10edb0845b2b63183239fb86ab7d93abebef689a1b16c19e7aafca60b40	df356462b0870a153ccf1e6536e263d87c0b8b13fb093c627135fa42f494a64a	assets/pokemon-animation-cards/rc31-kanto-051-100-source-audited-v4/dex-062__form-00__gender-none__palette-normal__admission.json	verified-render
62	poliwrath	base	none	shiny	assets/pokemon-animation-cards/rc31-kanto-051-100-source-audited-v4/dex-062__form-00__gender-none__palette-shiny__idle-8x4.png	assets/pokemon-animation-cards/rc31-kanto-051-100-source-audited-v4/dex-062__form-00__gender-none__palette-shiny__walk-8x4.png	assets/pokemon-animation-cards/rc31-kanto-051-100-source-audited-v4/dex-062__form-00__gender-none__palette-shiny__runtime.png	rc31-original-trs-reviewed-body-skin-v4:pm0062_00:00:none:shiny	8	1.2333333492279053	8	1	256	256	17	49	239	211	128	200.5615383935299	147.0061848040269	15	16	7845c0f42354a8589eabffb9ebe1eadeba104fd52644de191987466b6c161b00	642dca77d9cf0d14c6f7aa9f94a07ae22f7042d0a1f5d1c77bdae1c44c2c062f	096503e0be35e0f2135c08665f3ec985c1e8be6c60436d61515baf9c0be87174	assets/pokemon-animation-cards/rc31-kanto-051-100-source-audited-v4/dex-062__form-00__gender-none__palette-shiny__admission.json	verified-render
63	abra	base	none	normal	assets/pokemon-animation-cards/rc31-kanto-051-100-source-audited-v4/dex-063__form-00__gender-none__palette-normal__idle-8x4.png	assets/pokemon-animation-cards/rc31-kanto-051-100-source-audited-v4/dex-063__form-00__gender-none__palette-normal__walk-8x4.png	assets/pokemon-animation-cards/rc31-kanto-051-100-source-audited-v4/dex-063__form-00__gender-none__palette-normal__runtime.png	rc31-original-trs-reviewed-body-skin-v4:pm0063_00:00:none:normal	8	2.6666667461395264	8	1.5000001192092896	256	256	17	31	239	228	128	229.43710439090492	138.6309071801202	15	15	fe0255da8ff9a77e49530271dcd0cb75c968de9d1c47212fe6a66a224e53625a	533da33d28ae7b25b50aed321b5c44b13f34736cd29daf219063deffe22ee7fd	577bb5f1f014112c67e8971c8cf10e31fc73a0cba1b6974c407a1252d7ce4e2e	assets/pokemon-animation-cards/rc31-kanto-051-100-source-audited-v4/dex-063__form-00__gender-none__palette-normal__admission.json	verified-render
63	abra	base	none	shiny	assets/pokemon-animation-cards/rc31-kanto-051-100-source-audited-v4/dex-063__form-00__gender-none__palette-shiny__idle-8x4.png	assets/pokemon-animation-cards/rc31-kanto-051-100-source-audited-v4/dex-063__form-00__gender-none__palette-shiny__walk-8x4.png	assets/pokemon-animation-cards/rc31-kanto-051-100-source-audited-v4/dex-063__form-00__gender-none__palette-shiny__runtime.png	rc31-original-trs-reviewed-body-skin-v4:pm0063_00:00:none:shiny	8	2.6666667461395264	8	1.5000001192092896	256	256	17	31	239	228	128	229.43710439090492	138.6309071801202	15	15	35f1bd5a69f57d40f84f085447266ddd1e1e2388710ab90a23bee14abb173f47	680f0ae7a6a0063fc31abdd8784f25300ac4096d088e5e7becbf8e0725b568f3	a3fae49deb837cc71e1b81045d1c0ddaae9a6476bd46d1949e759d7d9967ab0d	assets/pokemon-animation-cards/rc31-kanto-051-100-source-audited-v4/dex-063__form-00__gender-none__palette-shiny__admission.json	verified-render
64	kadabra	base	none	normal	assets/pokemon-animation-cards/rc31-kanto-051-100-source-audited-v4/dex-064__form-00__gender-none__palette-normal__idle-8x4.png	assets/pokemon-animation-cards/rc31-kanto-051-100-source-audited-v4/dex-064__form-00__gender-none__palette-normal__walk-8x4.png	assets/pokemon-animation-cards/rc31-kanto-051-100-source-audited-v4/dex-064__form-00__gender-none__palette-normal__runtime.png	rc31-original-trs-reviewed-body-skin-v4:pm0064_00:00:none:normal	8	1.7333334684371948	8	2.1666667461395264	256	256	17	64	239	196	128	187.64190983262858	94.60119888433157	15	16	67316501c60c7271a0b72d4b3483e6a61551f6db3ec72261580851b66a563be0	cac4ab8ae0dba8912d572e8436737619ad0fcc620926acaaf7fb1eefaac64276	e0f8ade5ad6b57e454262058d4fbe2fcb3bca580666cd77e0d41c310f0d68013	assets/pokemon-animation-cards/rc31-kanto-051-100-source-audited-v4/dex-064__form-00__gender-none__palette-normal__admission.json	verified-render
64	kadabra	base	none	shiny	assets/pokemon-animation-cards/rc31-kanto-051-100-source-audited-v4/dex-064__form-00__gender-none__palette-shiny__idle-8x4.png	assets/pokemon-animation-cards/rc31-kanto-051-100-source-audited-v4/dex-064__form-00__gender-none__palette-shiny__walk-8x4.png	assets/pokemon-animation-cards/rc31-kanto-051-100-source-audited-v4/dex-064__form-00__gender-none__palette-shiny__runtime.png	rc31-original-trs-reviewed-body-skin-v4:pm0064_00:00:none:shiny	8	1.7333334684371948	8	2.1666667461395264	256	256	17	64	239	196	128	187.64190983262858	94.60119888433157	15	16	812c97c59d1d2ac019afe684451850fbc01053d9c4aedd642d5da5aff08832fd	ed5f063724a950634bfbb48e016d40d7374d0f550134be03612b44eb81adc72e	6e33bb960bbb317828ca206605ca209d518ac1300540233aae001c2fb2b2f0e5	assets/pokemon-animation-cards/rc31-kanto-051-100-source-audited-v4/dex-064__form-00__gender-none__palette-shiny__admission.json	verified-render
66	machop	base	none	normal	assets/pokemon-animation-cards/rc31-kanto-051-100-source-audited-v4/dex-066__form-00__gender-none__palette-normal__idle-8x4.png	assets/pokemon-animation-cards/rc31-kanto-051-100-source-audited-v4/dex-066__form-00__gender-none__palette-normal__walk-8x4.png	assets/pokemon-animation-cards/rc31-kanto-051-100-source-audited-v4/dex-066__form-00__gender-none__palette-normal__runtime.png	rc31-original-trs-reviewed-body-skin-v4:pm0066_00:00:none:normal	8	1	8	0.9333333969116211	256	256	44	26	212	234	128	222.971834618803	196.3391719899975	11	16	e00370cc874c711799911df970773d83c1a1b729176cd6547372af3f59626bf8	2bf98cc0233d1c6654d001fcdf69a22fe0243ede954a788e9036851dbcc25d96	ccf75f94034a4ce6d670ac3b9ea7a9d0064d8556844d5f31b744d788c5521295	assets/pokemon-animation-cards/rc31-kanto-051-100-source-audited-v4/dex-066__form-00__gender-none__palette-normal__admission.json	verified-render
66	machop	base	none	shiny	assets/pokemon-animation-cards/rc31-kanto-051-100-source-audited-v4/dex-066__form-00__gender-none__palette-shiny__idle-8x4.png	assets/pokemon-animation-cards/rc31-kanto-051-100-source-audited-v4/dex-066__form-00__gender-none__palette-shiny__walk-8x4.png	assets/pokemon-animation-cards/rc31-kanto-051-100-source-audited-v4/dex-066__form-00__gender-none__palette-shiny__runtime.png	rc31-original-trs-reviewed-body-skin-v4:pm0066_00:00:none:shiny	8	1	8	0.9333333969116211	256	256	44	26	212	234	128	222.971834618803	196.3391719899975	11	16	e4a2317c7f1bde7018a8c1f750433cba58eab660c6b0621efc00a2c2f5f238d6	6e158d247f89e52eb023d9392b7d28654841a8647510de92b3e05edc33bb4cdd	dd0b17d58255577e9be18d025b5dc4bd39ac77a6b9e587c55d1a782a824659b4	assets/pokemon-animation-cards/rc31-kanto-051-100-source-audited-v4/dex-066__form-00__gender-none__palette-shiny__admission.json	verified-render
67	machoke	base	none	normal	assets/pokemon-animation-cards/rc31-kanto-051-100-source-audited-v4/dex-067__form-00__gender-none__palette-normal__idle-8x4.png	assets/pokemon-animation-cards/rc31-kanto-051-100-source-audited-v4/dex-067__form-00__gender-none__palette-normal__walk-8x4.png	assets/pokemon-animation-cards/rc31-kanto-051-100-source-audited-v4/dex-067__form-00__gender-none__palette-normal__runtime.png	rc31-original-trs-reviewed-body-skin-v4:pm0067_00:00:none:normal	8	1.0666667222976685	8	1	256	256	35	26	221	233	128	222.18272067358544	189.88681793627984	14	16	b217849a9821ad971dbd21d9b514e0ebfb91b37fa4f2782691a1ab240f014fe9	ef8f65d337444983f148989de08bdab98ad66c43d94eb392732a2c51ca0870b7	3e89c21b611c45998b23937c187cf559a9ebe599222f359096e353956f7e75a6	assets/pokemon-animation-cards/rc31-kanto-051-100-source-audited-v4/dex-067__form-00__gender-none__palette-normal__admission.json	verified-render
67	machoke	base	none	shiny	assets/pokemon-animation-cards/rc31-kanto-051-100-source-audited-v4/dex-067__form-00__gender-none__palette-shiny__idle-8x4.png	assets/pokemon-animation-cards/rc31-kanto-051-100-source-audited-v4/dex-067__form-00__gender-none__palette-shiny__walk-8x4.png	assets/pokemon-animation-cards/rc31-kanto-051-100-source-audited-v4/dex-067__form-00__gender-none__palette-shiny__runtime.png	rc31-original-trs-reviewed-body-skin-v4:pm0067_00:00:none:shiny	8	1.0666667222976685	8	1	256	256	35	26	221	233	128	222.18272067358544	189.88681793627984	14	16	07a279aa2941daa4d6f1bbd498532c055f9700c03e661f4e24c197e7e476d859	04485b43622ece7c73adeba8c7dcd893481c3b142ef8d8fb73e5a0be861e7278	d14107506a3843c09dee14825b489f8bc4b3117a335805092c3aee7b3743a2fe	assets/pokemon-animation-cards/rc31-kanto-051-100-source-audited-v4/dex-067__form-00__gender-none__palette-shiny__admission.json	verified-render
68	machamp	base	none	normal	assets/pokemon-animation-cards/rc31-kanto-051-100-source-audited-v4/dex-068__form-00__gender-none__palette-normal__idle-8x4.png	assets/pokemon-animation-cards/rc31-kanto-051-100-source-audited-v4/dex-068__form-00__gender-none__palette-normal__walk-8x4.png	assets/pokemon-animation-cards/rc31-kanto-051-100-source-audited-v4/dex-068__form-00__gender-none__palette-normal__runtime.png	rc31-original-trs-reviewed-body-skin-v4:pm0068_00:00:none:normal	8	1.3333333730697632	8	1.1666667461395264	256	256	24	23	232	234	128	221.8519194293855	175.16161880267668	14	16	d4d0e0583259ea64c851bed01446a22c15f408061c51d0b4f963ca7a1d4fbe1f	20e996a11d4875181e0e9337b19c4f614853b79ae62d48c213b312b957bf4142	22142d98293b9e090ebe2ec4249d1385a42c24d8fec006e7f8d0dd8f7ba0187e	assets/pokemon-animation-cards/rc31-kanto-051-100-source-audited-v4/dex-068__form-00__gender-none__palette-normal__admission.json	verified-render
68	machamp	base	none	shiny	assets/pokemon-animation-cards/rc31-kanto-051-100-source-audited-v4/dex-068__form-00__gender-none__palette-shiny__idle-8x4.png	assets/pokemon-animation-cards/rc31-kanto-051-100-source-audited-v4/dex-068__form-00__gender-none__palette-shiny__walk-8x4.png	assets/pokemon-animation-cards/rc31-kanto-051-100-source-audited-v4/dex-068__form-00__gender-none__palette-shiny__runtime.png	rc31-original-trs-reviewed-body-skin-v4:pm0068_00:00:none:shiny	8	1.3333333730697632	8	1.1666667461395264	256	256	24	23	232	234	128	221.8519194293855	175.16161880267668	14	16	56f0b0792aa0903f1d8385e33408d6d5d62d9f6407d721e8b40d67d58cc74235	f3a4eef92b59fe7f234cf9e6c1e4c4dfbd88fbce6df1d9470be5c8416f505c5e	ecf37037f3d6c1baf4eeb01333b7ee1676077a681fe7e37d50aed5c93dfbdfc1	assets/pokemon-animation-cards/rc31-kanto-051-100-source-audited-v4/dex-068__form-00__gender-none__palette-shiny__admission.json	verified-render
72	tentacool	base	none	normal	assets/pokemon-animation-cards/rc31-kanto-051-100-source-audited-v4/dex-072__form-00__gender-none__palette-normal__idle-8x4.png	assets/pokemon-animation-cards/rc31-kanto-051-100-source-audited-v4/dex-072__form-00__gender-none__palette-normal__walk-8x4.png	assets/pokemon-animation-cards/rc31-kanto-051-100-source-audited-v4/dex-072__form-00__gender-none__palette-normal__runtime.png	rc31-original-trs-reviewed-body-skin-v4:pm0072_00:00:none:normal	8	2	8	2	256	256	50	26	206	235	128	251.73810304668834	184.24386640138377	9	16	1778954ec6abd488430eb7503b846e754c0f66ee098a7104f7ab85209ca900cb	4f8f02a8c5e7684584b6cf392eb7b0d274609c9e3001965d2a157471aa857092	8045e6b94d56d8683511125d286b5d25993e7101162d7776c9910aeb2b665bef	assets/pokemon-animation-cards/rc31-kanto-051-100-source-audited-v4/dex-072__form-00__gender-none__palette-normal__admission.json	verified-render
72	tentacool	base	none	shiny	assets/pokemon-animation-cards/rc31-kanto-051-100-source-audited-v4/dex-072__form-00__gender-none__palette-shiny__idle-8x4.png	assets/pokemon-animation-cards/rc31-kanto-051-100-source-audited-v4/dex-072__form-00__gender-none__palette-shiny__walk-8x4.png	assets/pokemon-animation-cards/rc31-kanto-051-100-source-audited-v4/dex-072__form-00__gender-none__palette-shiny__runtime.png	rc31-original-trs-reviewed-body-skin-v4:pm0072_00:00:none:shiny	8	2	8	2	256	256	50	26	206	235	128	251.73810304668834	184.24386640138377	9	16	1f6e1a7e861586143a8b7b2d5c6d61221a8e1ff8decb3957fd2d478747da148a	d976668194c306039e4bc9fb634f6c52288a67821e305ab5abc97788a684db2a	8ec2ffa73aeda7c518a7fe9bcf5d86ed445e07c328fad9efe3d65e985f61ce3e	assets/pokemon-animation-cards/rc31-kanto-051-100-source-audited-v4/dex-072__form-00__gender-none__palette-shiny__admission.json	verified-render
74	geodude	base	none	normal	assets/pokemon-animation-cards/rc31-kanto-051-100-source-audited-v4/dex-074__form-00__gender-none__palette-normal__idle-8x4.png	assets/pokemon-animation-cards/rc31-kanto-051-100-source-audited-v4/dex-074__form-00__gender-none__palette-normal__walk-8x4.png	assets/pokemon-animation-cards/rc31-kanto-051-100-source-audited-v4/dex-074__form-00__gender-none__palette-normal__runtime.png	rc31-original-trs-reviewed-body-skin-v4:pm0074_00:00:none:normal	8	1.6666667461395264	8	1	256	256	17	60	239	190	128	222.9687592460858	64.86903244831483	15	11	1e15c47c53826d8fb4a59af07b752f3247d080fa00b5ab43ac205209714aa2ba	5259cf31a79a5e752aa84f808f6bb1f71b89965839d70eb69362a5ab6c826f17	37bd071c83487368dcd208e088b05d36f6c36b0fa7500a73864cae2c89d32dad	assets/pokemon-animation-cards/rc31-kanto-051-100-source-audited-v4/dex-074__form-00__gender-none__palette-normal__admission.json	verified-render
74	geodude	base	none	shiny	assets/pokemon-animation-cards/rc31-kanto-051-100-source-audited-v4/dex-074__form-00__gender-none__palette-shiny__idle-8x4.png	assets/pokemon-animation-cards/rc31-kanto-051-100-source-audited-v4/dex-074__form-00__gender-none__palette-shiny__walk-8x4.png	assets/pokemon-animation-cards/rc31-kanto-051-100-source-audited-v4/dex-074__form-00__gender-none__palette-shiny__runtime.png	rc31-original-trs-reviewed-body-skin-v4:pm0074_00:00:none:shiny	8	1.6666667461395264	8	1	256	256	17	60	239	190	128	222.9687592460858	64.86903244831483	15	11	e3754e1c9282a9c881a1e6eed8095fac735a86b3c81ce81ad9607da0b4ea8623	d61e065ba4c9af361b64b324e0619b19311fec696bda22ccba97bd658d3fd774	bfabedcbd13c1e2936d581d80d6045215e2228e40f9a98dac9b0fc4cbbd6428b	assets/pokemon-animation-cards/rc31-kanto-051-100-source-audited-v4/dex-074__form-00__gender-none__palette-shiny__admission.json	verified-render
75	graveler	base	none	normal	assets/pokemon-animation-cards/rc31-kanto-051-100-source-audited-v4/dex-075__form-00__gender-none__palette-normal__idle-8x4.png	assets/pokemon-animation-cards/rc31-kanto-051-100-source-audited-v4/dex-075__form-00__gender-none__palette-normal__walk-8x4.png	assets/pokemon-animation-cards/rc31-kanto-051-100-source-audited-v4/dex-075__form-00__gender-none__palette-normal__runtime.png	rc31-original-trs-reviewed-body-skin-v4:pm0075_00:00:none:normal	8	1.6666667461395264	8	1	256	256	17	69	239	194	128	182.56151062158563	106.51900630458704	15	14	24afd5acbcf82811411c7399145015e387a1c9584619d0558278bfee078eb655	0e4f4780e0ac3ebda648075f69acd0a766d1f1d5016a97efabf078062c2feceb	fedc71ae1bd483c636063854421eee10c1c6d143334d0576a14ac3e5418461a0	assets/pokemon-animation-cards/rc31-kanto-051-100-source-audited-v4/dex-075__form-00__gender-none__palette-normal__admission.json	verified-render
75	graveler	base	none	shiny	assets/pokemon-animation-cards/rc31-kanto-051-100-source-audited-v4/dex-075__form-00__gender-none__palette-shiny__idle-8x4.png	assets/pokemon-animation-cards/rc31-kanto-051-100-source-audited-v4/dex-075__form-00__gender-none__palette-shiny__walk-8x4.png	assets/pokemon-animation-cards/rc31-kanto-051-100-source-audited-v4/dex-075__form-00__gender-none__palette-shiny__runtime.png	rc31-original-trs-reviewed-body-skin-v4:pm0075_00:00:none:shiny	8	1.6666667461395264	8	1	256	256	17	69	239	194	128	182.56151062158563	106.51900630458704	15	14	b18b054e1294f9a252d6649ed2cb54d0f1df0918b5987cb325ca7e7ec186d1fd	a547af58fa5f00536b94db74fa025354dd44c6fb56b0dece8b2ba403138ccdd6	8781536b95d6e630c1b6e1d73e244e7523e6310f497b4610d2e34acae4f01e5a	assets/pokemon-animation-cards/rc31-kanto-051-100-source-audited-v4/dex-075__form-00__gender-none__palette-shiny__admission.json	verified-render
79	slowpoke	base	none	normal	assets/pokemon-animation-cards/rc31-kanto-051-100-source-audited-v4/dex-079__form-00__gender-none__palette-normal__idle-8x4.png	assets/pokemon-animation-cards/rc31-kanto-051-100-source-audited-v4/dex-079__form-00__gender-none__palette-normal__walk-8x4.png	assets/pokemon-animation-cards/rc31-kanto-051-100-source-audited-v4/dex-079__form-00__gender-none__palette-normal__runtime.png	rc31-original-trs-reviewed-body-skin-v4:pm0079_00:00:none:normal	8	1.6666667461395264	8	2	256	256	17	40	239	217	128	206.2692418369497	95.33900425996724	15	16	5d16efcceb7e477f8317a03d8fdb8df6d28b296931788c5e1932419a8eca4262	dd4ed713e43981687e77973aea8a0e396a59372bba919f9aa1981e684b6af03b	1fbfc93b68e01466d67ae5172cf7f83b78525e7f55903017e4335198b7eb4df4	assets/pokemon-animation-cards/rc31-kanto-051-100-source-audited-v4/dex-079__form-00__gender-none__palette-normal__admission.json	verified-render
79	slowpoke	base	none	shiny	assets/pokemon-animation-cards/rc31-kanto-051-100-source-audited-v4/dex-079__form-00__gender-none__palette-shiny__idle-8x4.png	assets/pokemon-animation-cards/rc31-kanto-051-100-source-audited-v4/dex-079__form-00__gender-none__palette-shiny__walk-8x4.png	assets/pokemon-animation-cards/rc31-kanto-051-100-source-audited-v4/dex-079__form-00__gender-none__palette-shiny__runtime.png	rc31-original-trs-reviewed-body-skin-v4:pm0079_00:00:none:shiny	8	1.6666667461395264	8	2	256	256	17	40	239	217	128	206.2692418369497	95.33900425996724	15	16	3dbfd6dd92d8c2a17d207f63016471f4525d8d0590f79469a5874bda2fb0ec44	e2d3e10a64e2e62c05247da4ae0ea6790e395fe35492714458274c0d714aefe8	28349ab071a353b44af0a495dd1fa42570e56c68df68cb5025efa9feb626c900	assets/pokemon-animation-cards/rc31-kanto-051-100-source-audited-v4/dex-079__form-00__gender-none__palette-shiny__admission.json	verified-render
80	slowbro	base	none	normal	assets/pokemon-animation-cards/rc31-kanto-051-100-source-audited-v4/dex-080__form-00__gender-none__palette-normal__idle-8x4.png	assets/pokemon-animation-cards/rc31-kanto-051-100-source-audited-v4/dex-080__form-00__gender-none__palette-normal__walk-8x4.png	assets/pokemon-animation-cards/rc31-kanto-051-100-source-audited-v4/dex-080__form-00__gender-none__palette-normal__runtime.png	rc31-original-trs-reviewed-body-skin-v4:pm0080_00:00:none:normal	8	2	8	1.6000001430511475	256	256	17	59	239	204	128	184.53918151773254	122.7643032805837	15	12	bfca71a041ff6ba8ae99235181a881179833c45e89420503016ef504de9eabf1	002003a8802a0f8958f1f07e87bb897570d14e3da4b4be5c01090cb25016c71f	b9fd2c289c6869dbfb07bcdf45c43c123c616ae3487c0fcef5ae36342da017b7	assets/pokemon-animation-cards/rc31-kanto-051-100-source-audited-v4/dex-080__form-00__gender-none__palette-normal__admission.json	verified-render
80	slowbro	base	none	shiny	assets/pokemon-animation-cards/rc31-kanto-051-100-source-audited-v4/dex-080__form-00__gender-none__palette-shiny__idle-8x4.png	assets/pokemon-animation-cards/rc31-kanto-051-100-source-audited-v4/dex-080__form-00__gender-none__palette-shiny__walk-8x4.png	assets/pokemon-animation-cards/rc31-kanto-051-100-source-audited-v4/dex-080__form-00__gender-none__palette-shiny__runtime.png	rc31-original-trs-reviewed-body-skin-v4:pm0080_00:00:none:shiny	8	2	8	1.6000001430511475	256	256	17	59	239	204	128	184.53918151773254	122.7643032805837	15	12	e8912f20d2be68da55846709525684d5c984ecc549d8d3974be5b67807e541c4	540dc988ec7732a997ec4d2ef3d746263de13aa8057eaf1e172f2dc75f6986e1	b5a9b387eae78f88631e9dd2b9a0caa8205f7e9c51ce1d4afc21775304b282d1	assets/pokemon-animation-cards/rc31-kanto-051-100-source-audited-v4/dex-080__form-00__gender-none__palette-shiny__admission.json	verified-render
84	doduo	base	none	normal	assets/pokemon-animation-cards/rc31-kanto-051-100-source-audited-v4/dex-084__form-00__gender-none__palette-normal__idle-8x4.png	assets/pokemon-animation-cards/rc31-kanto-051-100-source-audited-v4/dex-084__form-00__gender-none__palette-normal__walk-8x4.png	assets/pokemon-animation-cards/rc31-kanto-051-100-source-audited-v4/dex-084__form-00__gender-none__palette-normal__runtime.png	rc31-original-trs-reviewed-body-skin-v4:pm0084_00:00:none:normal	8	1.533333420753479	8	1	256	256	38	24	218	235	128	220.99066668731962	199.51706037246237	9	16	c7a94c2f50fed03f97545d31c32ec6c35479300c5f6622f9d22992626224676f	e35c3af05f4a7a1145ff586f2e99a5071c87472dcba655955e9974ccf1c80a20	9e7f88cee2a06602523703a394a0de0f5bc016a443263074c0c8be2ead55acd3	assets/pokemon-animation-cards/rc31-kanto-051-100-source-audited-v4/dex-084__form-00__gender-none__palette-normal__admission.json	verified-render
84	doduo	base	none	shiny	assets/pokemon-animation-cards/rc31-kanto-051-100-source-audited-v4/dex-084__form-00__gender-none__palette-shiny__idle-8x4.png	assets/pokemon-animation-cards/rc31-kanto-051-100-source-audited-v4/dex-084__form-00__gender-none__palette-shiny__walk-8x4.png	assets/pokemon-animation-cards/rc31-kanto-051-100-source-audited-v4/dex-084__form-00__gender-none__palette-shiny__runtime.png	rc31-original-trs-reviewed-body-skin-v4:pm0084_00:00:none:shiny	8	1.533333420753479	8	1	256	256	38	24	218	235	128	220.99066668731962	199.51706037246237	9	16	5aa5e9e03c62920ff00b941166784a4adbce37a801f98348b8d5005f4902b808	4d9754d17216a7c2f0b2449c54dcc6e0450560f927de6fb84d3937cd78d83e85	b9c49dbb2f87145b6516dce71197b759e275e9b4bc2b7cc9278097980c96bbdb	assets/pokemon-animation-cards/rc31-kanto-051-100-source-audited-v4/dex-084__form-00__gender-none__palette-shiny__admission.json	verified-render
85	dodrio	base	none	normal	assets/pokemon-animation-cards/rc31-kanto-051-100-source-audited-v4/dex-085__form-00__gender-none__palette-normal__idle-8x4.png	assets/pokemon-animation-cards/rc31-kanto-051-100-source-audited-v4/dex-085__form-00__gender-none__palette-normal__walk-8x4.png	assets/pokemon-animation-cards/rc31-kanto-051-100-source-audited-v4/dex-085__form-00__gender-none__palette-normal__runtime.png	rc31-original-trs-reviewed-body-skin-v4:pm0085_00:00:none:normal	8	2	8	1	256	256	21	26	235	231	128	221.91776371516804	185.80382082863696	14	16	5284dfce73f4c3adb7762b7081e02d25f22bcf5e08bdfd9709ea054b435808e4	34316cbbfba779896088690501c68b4cbd3376f60f8f45d9c04452531c7db487	45e343324eea7d3acd0231cce40e99b44d67ad511eed91b7957ade1cba3a5c0e	assets/pokemon-animation-cards/rc31-kanto-051-100-source-audited-v4/dex-085__form-00__gender-none__palette-normal__admission.json	verified-render
85	dodrio	base	none	shiny	assets/pokemon-animation-cards/rc31-kanto-051-100-source-audited-v4/dex-085__form-00__gender-none__palette-shiny__idle-8x4.png	assets/pokemon-animation-cards/rc31-kanto-051-100-source-audited-v4/dex-085__form-00__gender-none__palette-shiny__walk-8x4.png	assets/pokemon-animation-cards/rc31-kanto-051-100-source-audited-v4/dex-085__form-00__gender-none__palette-shiny__runtime.png	rc31-original-trs-reviewed-body-skin-v4:pm0085_00:00:none:shiny	8	2	8	1	256	256	21	26	235	231	128	221.91776371516804	185.80382082863696	14	16	8155655988ef0c70ef4c5fa4a792610eca02c6036fa1486dc5245919332f9558	00ae036220e47aba005797ce73485f32db686d11f82c9716583abc803b0cc522	6ffe9f8c33d40c0fb79e2b3db2788b0a36738a9a071f46154b6c846ba357d948	assets/pokemon-animation-cards/rc31-kanto-051-100-source-audited-v4/dex-085__form-00__gender-none__palette-shiny__admission.json	verified-render
86	seel	base	none	normal	assets/pokemon-animation-cards/rc31-kanto-051-100-source-audited-v4/dex-086__form-00__gender-none__palette-normal__idle-8x4.png	assets/pokemon-animation-cards/rc31-kanto-051-100-source-audited-v4/dex-086__form-00__gender-none__palette-normal__walk-8x4.png	assets/pokemon-animation-cards/rc31-kanto-051-100-source-audited-v4/dex-086__form-00__gender-none__palette-normal__runtime.png	rc31-original-trs-reviewed-body-skin-v4:pm0086_00:00:none:normal	8	2	8	0.6666666865348816	256	256	17	70	239	190	128	176.03287526401792	98.75137073198277	15	11	a5e77dad373efb7b2b69893b2cbe4087d39fb8ea040c2d161f9603ba09067f44	8808dde47ecd2b8ec453e924dd5ed96677e58e418bf86d6800d9c0235f91e550	5dbd75fd83f1a1220d9bbd48d5c63921aa8c5acdc13adf743a57bfa8311f4192	assets/pokemon-animation-cards/rc31-kanto-051-100-source-audited-v4/dex-086__form-00__gender-none__palette-normal__admission.json	verified-render
86	seel	base	none	shiny	assets/pokemon-animation-cards/rc31-kanto-051-100-source-audited-v4/dex-086__form-00__gender-none__palette-shiny__idle-8x4.png	assets/pokemon-animation-cards/rc31-kanto-051-100-source-audited-v4/dex-086__form-00__gender-none__palette-shiny__walk-8x4.png	assets/pokemon-animation-cards/rc31-kanto-051-100-source-audited-v4/dex-086__form-00__gender-none__palette-shiny__runtime.png	rc31-original-trs-reviewed-body-skin-v4:pm0086_00:00:none:shiny	8	2	8	0.6666666865348816	256	256	17	70	239	190	128	176.03287526401792	98.75137073198277	15	11	63b44ee07f814968909bd687abf028aac7581f5c0548e36a6036fef8b8937622	0881ebf8c90ebb97b11d5b6f233a68b0dbf4bac97fa5be1c290cd86481c35e86	3781b454f91b0b69aae0469a28173eb5dadc20c9aafc300d6039bf355b0779e3	assets/pokemon-animation-cards/rc31-kanto-051-100-source-audited-v4/dex-086__form-00__gender-none__palette-shiny__admission.json	verified-render
87	dewgong	base	none	normal	assets/pokemon-animation-cards/rc31-kanto-051-100-source-audited-v4/dex-087__form-00__gender-none__palette-normal__idle-8x4.png	assets/pokemon-animation-cards/rc31-kanto-051-100-source-audited-v4/dex-087__form-00__gender-none__palette-normal__walk-8x4.png	assets/pokemon-animation-cards/rc31-kanto-051-100-source-audited-v4/dex-087__form-00__gender-none__palette-normal__runtime.png	rc31-original-trs-reviewed-body-skin-v4:pm0087_00:00:none:normal	8	2	8	1	256	256	17	67	239	189	128	176.6586549006412	54.49484865713954	15	14	fedee365f030bb889b9883e7ce4db62dcaa865ef74904fad132ca25f8b68b8f6	2902f00e0c75d3805091b7e5d3cf497a55c9696e6c8f958b3b8911a9d9358699	dee5c527c95f1f9652966744b2f7f2fc71ddf4efa574da3c549df972bf5764e8	assets/pokemon-animation-cards/rc31-kanto-051-100-source-audited-v4/dex-087__form-00__gender-none__palette-normal__admission.json	verified-render
87	dewgong	base	none	shiny	assets/pokemon-animation-cards/rc31-kanto-051-100-source-audited-v4/dex-087__form-00__gender-none__palette-shiny__idle-8x4.png	assets/pokemon-animation-cards/rc31-kanto-051-100-source-audited-v4/dex-087__form-00__gender-none__palette-shiny__walk-8x4.png	assets/pokemon-animation-cards/rc31-kanto-051-100-source-audited-v4/dex-087__form-00__gender-none__palette-shiny__runtime.png	rc31-original-trs-reviewed-body-skin-v4:pm0087_00:00:none:shiny	8	2	8	1	256	256	17	67	239	189	128	176.6586549006412	54.49484865713954	15	14	122217c313c45bc8d2d019b3bde5432d2a309eab3088d3ff472dc44094e3f8fe	9b217cea1488263e87f32e13b76085983b1b224c02e2e5f9185c7b180aeca699	31d0ed1fd27761d7a84d10bbf1e41d783f91661c70bbb679ce21d7263a2aa7f8	assets/pokemon-animation-cards/rc31-kanto-051-100-source-audited-v4/dex-087__form-00__gender-none__palette-shiny__admission.json	verified-render
97	hypno	base	none	normal	assets/pokemon-animation-cards/rc31-kanto-051-100-source-audited-v4/dex-097__form-00__gender-none__palette-normal__idle-8x4.png	assets/pokemon-animation-cards/rc31-kanto-051-100-source-audited-v4/dex-097__form-00__gender-none__palette-normal__walk-8x4.png	assets/pokemon-animation-cards/rc31-kanto-051-100-source-audited-v4/dex-097__form-00__gender-none__palette-normal__runtime.png	rc31-original-trs-reviewed-body-skin-v4:pm0097_00:00:none:normal	8	1.6000001430511475	8	1	256	256	17	28	239	231	128	220.92006320362376	190.6082781860903	15	16	9f713c6d26399aa8e9c189df5406e421866c4f0c64d677276bf1508e4afa106a	30ebb8a6a43ea700ac13a0142c14ebb70f0ed925644ab856c414f1607904da9a	e0bdda649817e90e922522006ee1a53f16c0a36149ed6c5a54de2931ef903e93	assets/pokemon-animation-cards/rc31-kanto-051-100-source-audited-v4/dex-097__form-00__gender-none__palette-normal__admission.json	verified-render
97	hypno	base	none	shiny	assets/pokemon-animation-cards/rc31-kanto-051-100-source-audited-v4/dex-097__form-00__gender-none__palette-shiny__idle-8x4.png	assets/pokemon-animation-cards/rc31-kanto-051-100-source-audited-v4/dex-097__form-00__gender-none__palette-shiny__walk-8x4.png	assets/pokemon-animation-cards/rc31-kanto-051-100-source-audited-v4/dex-097__form-00__gender-none__palette-shiny__runtime.png	rc31-original-trs-reviewed-body-skin-v4:pm0097_00:00:none:shiny	8	1.6000001430511475	8	1	256	256	17	28	239	231	128	220.92006320362376	190.6082781860903	15	16	781e9ca685dd3efe023f729aafb51e3a34e6ed1ca2e11d52bd67dc10397b337f	937f256b25af4da9b436822bde415a5dd7e1862146d82a931ee08570a8eb20e6	a26efd97d20bbc35027d81f544be068ff02f9f01f1446648191112be1f40673d	assets/pokemon-animation-cards/rc31-kanto-051-100-source-audited-v4/dex-097__form-00__gender-none__palette-shiny__admission.json	verified-render
15	beedrill	base	none	normal	assets/pokemon-animation-cards/rc31-beedrill-alpha-body-v3/dex-015__form-00__gender-none__palette-normal__idle-8x4.png	assets/pokemon-animation-cards/rc31-beedrill-alpha-body-v3/dex-015__form-00__gender-none__palette-normal__walk-8x4.png	assets/pokemon-animation-cards/rc31-beedrill-alpha-body-v3/dex-015__form-00__gender-none__palette-normal__runtime.png	rc31-original-trs-body-alpha-v3:pm0015_00:00:none:normal	8	1.3333333730697632	8	0.6666666865348816	256	256	40	20	216	237	128	255.71840720087994	131.0571281583882	15	16	8eb02f379b778b56016144373ab06e1ee90f916151aade77f6dcfbab759d7d5a	1599af12aa86dd4c528c516aff8b5b138490441529ae26a84524fb3acfe90d3b	affb7686c7e38f26b26c5da5f43b911737ac8917412e512e3757c2c9f9e11dc1	assets/pokemon-animation-cards/rc31-beedrill-alpha-body-v3/dex-015__form-00__gender-none__palette-normal__admission.json	verified-render
15	beedrill	base	none	shiny	assets/pokemon-animation-cards/rc31-beedrill-alpha-body-v3/dex-015__form-00__gender-none__palette-shiny__idle-8x4.png	assets/pokemon-animation-cards/rc31-beedrill-alpha-body-v3/dex-015__form-00__gender-none__palette-shiny__walk-8x4.png	assets/pokemon-animation-cards/rc31-beedrill-alpha-body-v3/dex-015__form-00__gender-none__palette-shiny__runtime.png	rc31-original-trs-body-alpha-v3:pm0015_00:00:none:shiny	8	1.3333333730697632	8	0.6666666865348816	256	256	40	20	216	237	128	255.71840720087994	131.0571281583882	15	16	f3d10a3a96755a4c901eedce59f9dad33f46b0d4970def25b37c21c1f2a71fda	d682f00c72aa92a6ece2743536b797f315860ec21aec5c42584e3545384a78d0	e6cca3cffd687832a648caee2178852b7e888d761c1e3e11b3d9292561995c2c	assets/pokemon-animation-cards/rc31-beedrill-alpha-body-v3/dex-015__form-00__gender-none__palette-shiny__admission.json	verified-render
102	exeggcute	base	none	normal	assets/pokemon-animation-cards/rc31-rigid-repair-102-137/dex-102__form-00__gender-none__palette-normal__idle-8x4.png	assets/pokemon-animation-cards/rc31-rigid-repair-102-137/dex-102__form-00__gender-none__palette-normal__walk-8x4.png	assets/pokemon-animation-cards/rc31-rigid-repair-102-137/dex-102__form-00__gender-none__palette-normal__runtime.png	rc31-original-trs-v1:pm0102_00:00:none:normal	8	2	8	0.8666667342185974	256	256	17	58	239	205	128	193.86270672041113	79	15	7	0d709cc5d52f465b86db28ea06b5e8b81650f7f5bdd2b052448ece3c3a35e49a	913595eb10c5221d4a6ba59c180e89d82b15427acc02e4e14580a5e7884c1bed	6f656cbe2da5859327307f66ea2704964946779cfb0d3268768d4a8c6bb36b52	assets/pokemon-animation-cards/rc31-rigid-repair-102-137/dex-102__form-00__gender-none__palette-normal__admission.json	verified-render
102	exeggcute	base	none	shiny	assets/pokemon-animation-cards/rc31-rigid-repair-102-137/dex-102__form-00__gender-none__palette-shiny__idle-8x4.png	assets/pokemon-animation-cards/rc31-rigid-repair-102-137/dex-102__form-00__gender-none__palette-shiny__walk-8x4.png	assets/pokemon-animation-cards/rc31-rigid-repair-102-137/dex-102__form-00__gender-none__palette-shiny__runtime.png	rc31-original-trs-v1:pm0102_00:00:none:shiny	8	2	8	0.8666667342185974	256	256	17	58	239	205	128	193.86270672041113	79	15	7	bbefcffa9058f409e4b7f32e3363200e719eda8b9b08988952722f00d7f4683d	2ed5d8ad97b33e41320d3ce76cb40cd7c4e0b436377f7cb5161edf559808440b	6b04fb32911a188628d1403e5322d2e11a1a224720a6e651ab022c4333c8836d	assets/pokemon-animation-cards/rc31-rigid-repair-102-137/dex-102__form-00__gender-none__palette-shiny__admission.json	verified-render
137	porygon	base	none	normal	assets/pokemon-animation-cards/rc31-rigid-repair-102-137/dex-137__form-00__gender-none__palette-normal__idle-8x4.png	assets/pokemon-animation-cards/rc31-rigid-repair-102-137/dex-137__form-00__gender-none__palette-normal__walk-8x4.png	assets/pokemon-animation-cards/rc31-rigid-repair-102-137/dex-137__form-00__gender-none__palette-normal__runtime.png	rc31-original-trs-v1:pm0137_00:00:none:normal	8	1.6000001430511475	8	1	256	256	17	35	239	226	128	238.57796126475918	126	15	16	1b2de92e44a0426e3ef76f5a3f5450777438b8c9f374b49c1f244fac4b23cf07	ba29f1d051725bff671edcde2944e68a49b14e9eb5959f313baca62c67704d73	3afda655fa3f8ac889a8791feda154dc28fd49c18a3d15145a6fc19396326ea0	assets/pokemon-animation-cards/rc31-rigid-repair-102-137/dex-137__form-00__gender-none__palette-normal__admission.json	verified-render
137	porygon	base	none	shiny	assets/pokemon-animation-cards/rc31-rigid-repair-102-137/dex-137__form-00__gender-none__palette-shiny__idle-8x4.png	assets/pokemon-animation-cards/rc31-rigid-repair-102-137/dex-137__form-00__gender-none__palette-shiny__walk-8x4.png	assets/pokemon-animation-cards/rc31-rigid-repair-102-137/dex-137__form-00__gender-none__palette-shiny__runtime.png	rc31-original-trs-v1:pm0137_00:00:none:shiny	8	1.6000001430511475	8	1	256	256	17	35	239	226	128	238.57796126475918	126	15	16	662da3749320193058a227a845f1a7c978d0de51b37ddfbd882ea98a434f9e5f	ae0dadc6072afc22b14a44f47ba6d312696ed6da5b695d4e1ef25ed8406c266c	07cec184fb4a16425f8f26404de6f07019d2db4d0253c9bb5086fe2a28da5c3c	assets/pokemon-animation-cards/rc31-rigid-repair-102-137/dex-137__form-00__gender-none__palette-shiny__admission.json	verified-render
60	poliwag	base	none	normal	assets/pokemon-animation-cards/rc31-repair-060-073-076/dex-060__form-00__gender-none__palette-normal__idle-8x4.png	assets/pokemon-animation-cards/rc31-repair-060-073-076/dex-060__form-00__gender-none__palette-normal__walk-8x4.png	assets/pokemon-animation-cards/rc31-repair-060-073-076/dex-060__form-00__gender-none__palette-normal__runtime.png	rc31-original-full-hierarchy-body-v3:pm0060_00:00:none:normal	8	1.5000001192092896	8	0.8000000715255737	256	256	17	69	239	184	128	174.07152483274047	91.93886201489782	15	15	ce3fc9b8ba54917d041691195629f63aca4fbbf8360dd6707130ed6d1169b56c	d612df6b5b7d05621369168dd1e3f876ea7ba9dcfc92b0bf21b5c7228f361646	b75bdabf45a61a5aab87704a4f37f729c358a8d7b388d62c862b5ca6e332eb1e	assets/pokemon-animation-cards/rc31-repair-060-073-076/dex-060__form-00__gender-none__palette-normal__admission.json	verified-render
60	poliwag	base	none	shiny	assets/pokemon-animation-cards/rc31-repair-060-073-076/dex-060__form-00__gender-none__palette-shiny__idle-8x4.png	assets/pokemon-animation-cards/rc31-repair-060-073-076/dex-060__form-00__gender-none__palette-shiny__walk-8x4.png	assets/pokemon-animation-cards/rc31-repair-060-073-076/dex-060__form-00__gender-none__palette-shiny__runtime.png	rc31-original-full-hierarchy-body-v3:pm0060_00:00:none:shiny	8	1.5000001192092896	8	0.8000000715255737	256	256	17	69	239	184	128	174.07152483274047	91.93886201489782	15	15	3f06cd03447891fef3c9fad64dfd2bd8cbb9ffc8e78b560d9014529ea3a2e726	a47be5cedda19f319ab3b196054a95fa343a6b550034bb0f06d30e7795bf188b	5584e64396ca5117ed383e6fa054eaf862202de409316877915d7ee7c3ab0787	assets/pokemon-animation-cards/rc31-repair-060-073-076/dex-060__form-00__gender-none__palette-shiny__admission.json	verified-render
73	tentacruel	base	none	normal	assets/pokemon-animation-cards/rc31-repair-060-073-076/dex-073__form-00__gender-none__palette-normal__idle-8x4.png	assets/pokemon-animation-cards/rc31-repair-060-073-076/dex-073__form-00__gender-none__palette-normal__walk-8x4.png	assets/pokemon-animation-cards/rc31-repair-060-073-076/dex-073__form-00__gender-none__palette-normal__runtime.png	rc31-original-full-hierarchy-body-v3:pm0073_00:00:none:normal	8	2.6666667461395264	8	1.3333333730697632	256	256	46	26	210	233	128	229.7727520067142	167.37539324559532	13	16	e234f410b6cf1d2edea2ab04bdabe2043a2da970090b900d87c71c229eaff62d	39657569ac3b3f09225240d9d65a80a38b38fc71990122fc59af092a4fcf23cd	2628820e22fa55eaf14e671ec53276894253c500116d40cb3be4a63486862801	assets/pokemon-animation-cards/rc31-repair-060-073-076/dex-073__form-00__gender-none__palette-normal__admission.json	verified-render
73	tentacruel	base	none	shiny	assets/pokemon-animation-cards/rc31-repair-060-073-076/dex-073__form-00__gender-none__palette-shiny__idle-8x4.png	assets/pokemon-animation-cards/rc31-repair-060-073-076/dex-073__form-00__gender-none__palette-shiny__walk-8x4.png	assets/pokemon-animation-cards/rc31-repair-060-073-076/dex-073__form-00__gender-none__palette-shiny__runtime.png	rc31-original-full-hierarchy-body-v3:pm0073_00:00:none:shiny	8	2.6666667461395264	8	1.3333333730697632	256	256	46	26	210	233	128	229.7727520067142	167.37539324559532	13	16	99df5a2af4395f4beb79e9ec636cf80989393c892a29d91cdd6d05627070963a	af212ca3d21fe8724b39901854c621952739edce1b9cb08afb938b25428cc90c	ef6f1a574ec727923dadf53974fb4515b2ec7e79b97b641e8c76ecb282ca1801	assets/pokemon-animation-cards/rc31-repair-060-073-076/dex-073__form-00__gender-none__palette-shiny__admission.json	verified-render
76	golem	base	none	normal	assets/pokemon-animation-cards/rc31-repair-060-073-076/dex-076__form-00__gender-none__palette-normal__idle-8x4.png	assets/pokemon-animation-cards/rc31-repair-060-073-076/dex-076__form-00__gender-none__palette-normal__walk-8x4.png	assets/pokemon-animation-cards/rc31-repair-060-073-076/dex-076__form-00__gender-none__palette-normal__runtime.png	rc31-original-full-hierarchy-body-v3:pm0076_00:00:none:normal	8	2	8	1.5000001192092896	256	256	17	48	239	215	128	202.6708306610069	153.11491622900044	15	14	c544a074bb0c6474b80368ac4358cd47fd59935aafb86c13384176b517c25f6f	842225985059653fa33454a15179192311ce0a87ccceb5c230f7f9818fcf2d68	6eb44b90aa112fdb079100ffe5cf78c19031b98250b713db0319a2a8213739ee	assets/pokemon-animation-cards/rc31-repair-060-073-076/dex-076__form-00__gender-none__palette-normal__admission.json	verified-render
76	golem	base	none	shiny	assets/pokemon-animation-cards/rc31-repair-060-073-076/dex-076__form-00__gender-none__palette-shiny__idle-8x4.png	assets/pokemon-animation-cards/rc31-repair-060-073-076/dex-076__form-00__gender-none__palette-shiny__walk-8x4.png	assets/pokemon-animation-cards/rc31-repair-060-073-076/dex-076__form-00__gender-none__palette-shiny__runtime.png	rc31-original-full-hierarchy-body-v3:pm0076_00:00:none:shiny	8	2	8	1.5000001192092896	256	256	17	48	239	215	128	202.6708306610069	153.11491622900044	15	14	11cec08d0832abf685f048d84acc4a34d27d502350f1eaabdca1c146f4d0858d	13c42a580d88cf1e464001716ec710baf45fc70685b95815270b7b6bdb62dd7a	3def77dec7f991799fde9eeb4d835cdb2629f05da5952010b8c49a87a8c3ad5d	assets/pokemon-animation-cards/rc31-repair-060-073-076/dex-076__form-00__gender-none__palette-shiny__admission.json	verified-render
78	rapidash	base	none	normal	assets/pokemon-animation-cards/rc31-rapidash-body-v4/dex-078__form-00__gender-none__palette-normal__idle-8x4.png	assets/pokemon-animation-cards/rc31-rapidash-body-v4/dex-078__form-00__gender-none__palette-normal__walk-8x4.png	assets/pokemon-animation-cards/rc31-rapidash-body-v4/dex-078__form-00__gender-none__palette-normal__runtime.png	rc31-original-full-hierarchy-body-v3:pm0078_00:00:none:normal	8	2.6666667461395264	8	1.4000000953674316	384	256	12	40	372	214	192	204.84616035806644	133.5573944652478	15	16	9b69c119a31128bcf39b9d2af2f07245ab047290cb8f9a67da46fec4f358e6a6	2377c3760125ce0925059b549ab8c2b28d069469a3d80a7bd1ef249bc6c09771	680ef64d545306fb54cb05cdea9a680bd3dba31ec1ac84102677656bced1ca9d	assets/pokemon-animation-cards/rc31-rapidash-body-v4/dex-078__form-00__gender-none__palette-normal__admission.json	verified-render
78	rapidash	base	none	shiny	assets/pokemon-animation-cards/rc31-rapidash-body-v4/dex-078__form-00__gender-none__palette-shiny__idle-8x4.png	assets/pokemon-animation-cards/rc31-rapidash-body-v4/dex-078__form-00__gender-none__palette-shiny__walk-8x4.png	assets/pokemon-animation-cards/rc31-rapidash-body-v4/dex-078__form-00__gender-none__palette-shiny__runtime.png	rc31-original-full-hierarchy-body-v3:pm0078_00:00:none:shiny	8	2.6666667461395264	8	1.4000000953674316	384	256	12	40	372	214	192	204.84616035806644	133.5573944652478	15	16	b8995c4030832f33c404b91c2be894038fd1de110a81ef544c2ee94c90bab9f1	ef4f6f7773a248ee31aa62071794e9f413bcf7cfff7b3b9eb5ad1722b0010647	1b3d73c2704c11a82ee432d7523622b9c0c0c4ba3e05508a2c27497bca82a38a	assets/pokemon-animation-cards/rc31-rapidash-body-v4/dex-078__form-00__gender-none__palette-shiny__admission.json	verified-render
81	magnemite	base	none	normal	assets/pokemon-animation-cards/rc31-rigid-skin-081-082-095-v3/dex-081__form-00__gender-none__palette-normal__idle-8x4.png	assets/pokemon-animation-cards/rc31-rigid-skin-081-082-095-v3/dex-081__form-00__gender-none__palette-normal__walk-8x4.png	assets/pokemon-animation-cards/rc31-rigid-skin-081-082-095-v3/dex-081__form-00__gender-none__palette-normal__runtime.png	rc31-original-rigid-skin-body-v3:pm0081_00:00:none:normal	8	1.1666667461395264	8	1	256	256	17	35	239	221	128	382.19602988397037	90.54198317443529	15	16	9731726a7c7ea63c73d94ecee458bdb8793babecf524df91fb2dc16297a1c8ec	c842728362c1143f95b6351bbd0c887dccc5f0286b4829c5389235fd2e4816a3	bf17f4189eb4a7b253edf86109eef5830c985f0660c23a09c711a8fb5da41493	assets/pokemon-animation-cards/rc31-rigid-skin-081-082-095-v3/dex-081__form-00__gender-none__palette-normal__admission.json	verified-render
81	magnemite	base	none	shiny	assets/pokemon-animation-cards/rc31-rigid-skin-081-082-095-v3/dex-081__form-00__gender-none__palette-shiny__idle-8x4.png	assets/pokemon-animation-cards/rc31-rigid-skin-081-082-095-v3/dex-081__form-00__gender-none__palette-shiny__walk-8x4.png	assets/pokemon-animation-cards/rc31-rigid-skin-081-082-095-v3/dex-081__form-00__gender-none__palette-shiny__runtime.png	rc31-original-rigid-skin-body-v3:pm0081_00:00:none:shiny	8	1.1666667461395264	8	1	256	256	17	35	239	221	128	382.19602988397037	90.54198317443529	15	16	2254b510fcdc21d09b9a1b4130e3edb460825c729803ddbc8a7cfec5188b73b1	75ee2e0c1bdf24d5f2ae3ce77b5c3b98eb122ec3070bce239f6b6ccb0a51e960	437812fed7eefe15c084b45fcaff076a83fee100acf6eab2b74b3d6129578f64	assets/pokemon-animation-cards/rc31-rigid-skin-081-082-095-v3/dex-081__form-00__gender-none__palette-shiny__admission.json	verified-render
82	magneton	base	none	normal	assets/pokemon-animation-cards/rc31-rigid-skin-081-082-095-v3/dex-082__form-00__gender-none__palette-normal__idle-8x4.png	assets/pokemon-animation-cards/rc31-rigid-skin-081-082-095-v3/dex-082__form-00__gender-none__palette-normal__walk-8x4.png	assets/pokemon-animation-cards/rc31-rigid-skin-081-082-095-v3/dex-082__form-00__gender-none__palette-normal__runtime.png	rc31-original-rigid-skin-body-v3:pm0082_00:00:none:normal	8	2	8	1	256	256	17	27	239	229	128	265.6737280834306	86.41363897871855	15	16	c7f8ab4a3f04c03e524572bd52f9d484c2e28a0e5ed7d5a55e69a4ad2111a635	bdcef273badf0b473b21f4f13a651c8ad928f915d71a923fce4286dca9a14af4	3fc89d3d9c2872f4b67b2b175e82ae8888d9d614515913a1711723e89ef92c88	assets/pokemon-animation-cards/rc31-rigid-skin-081-082-095-v3/dex-082__form-00__gender-none__palette-normal__admission.json	verified-render
82	magneton	base	none	shiny	assets/pokemon-animation-cards/rc31-rigid-skin-081-082-095-v3/dex-082__form-00__gender-none__palette-shiny__idle-8x4.png	assets/pokemon-animation-cards/rc31-rigid-skin-081-082-095-v3/dex-082__form-00__gender-none__palette-shiny__walk-8x4.png	assets/pokemon-animation-cards/rc31-rigid-skin-081-082-095-v3/dex-082__form-00__gender-none__palette-shiny__runtime.png	rc31-original-rigid-skin-body-v3:pm0082_00:00:none:shiny	8	2	8	1	256	256	17	27	239	229	128	265.6737280834306	86.41363897871855	15	16	c75b96c9169c54e307f038405cc475f07dbb0abcb3ff82e1f5638b3c55ec8aef	7c5ecb117e288a77fe1bc827368a635b34138edfd3a0ff15b349dfd142d4895a	11565170a08ff7c9bf54edd38d363d8b08d17373b1955087795ca733d9cd0d30	assets/pokemon-animation-cards/rc31-rigid-skin-081-082-095-v3/dex-082__form-00__gender-none__palette-shiny__admission.json	verified-render
95	onix	base	none	normal	assets/pokemon-animation-cards/rc31-rigid-skin-081-082-095-v3/dex-095__form-00__gender-none__palette-normal__idle-8x4.png	assets/pokemon-animation-cards/rc31-rigid-skin-081-082-095-v3/dex-095__form-00__gender-none__palette-normal__walk-8x4.png	assets/pokemon-animation-cards/rc31-rigid-skin-081-082-095-v3/dex-095__form-00__gender-none__palette-normal__runtime.png	rc31-original-rigid-skin-body-v3:pm0095_00:00:none:normal	8	2.0333335399627686	8	1.5000001192092896	384	256	27	35	357	221	192	202.97896614426742	160.27227993969967	15	16	4cacb7ec7bb6114c5198c1a7e56f09f8831b307fdc0131c632f7591f68df12fa	260992721c506109121b67de4ad98df5b87166fe5d4182b28acf41d20f8984d0	66ad54b1fa819ca8237abd1e7d1bfba8f5782cb53af36962f35d84bea1f7f36c	assets/pokemon-animation-cards/rc31-rigid-skin-081-082-095-v3/dex-095__form-00__gender-none__palette-normal__admission.json	verified-render
95	onix	base	none	shiny	assets/pokemon-animation-cards/rc31-rigid-skin-081-082-095-v3/dex-095__form-00__gender-none__palette-shiny__idle-8x4.png	assets/pokemon-animation-cards/rc31-rigid-skin-081-082-095-v3/dex-095__form-00__gender-none__palette-shiny__walk-8x4.png	assets/pokemon-animation-cards/rc31-rigid-skin-081-082-095-v3/dex-095__form-00__gender-none__palette-shiny__runtime.png	rc31-original-rigid-skin-body-v3:pm0095_00:00:none:shiny	8	2.0333335399627686	8	1.5000001192092896	384	256	27	35	357	221	192	202.97896614426742	160.27227993969967	15	16	75bf15f4459eebf325af4b88a99a5178dd18db2d1b2ba4a70cca1a27b4f9b38f	900dd7aec51816ffdcaaba3612f3c9156aab83fd0cde4958a98da5c98857a38c	119b1e6aeaa3e537950c78d4b96f152867ff05dd5ae90223acf3ee9760ad105b	assets/pokemon-animation-cards/rc31-rigid-skin-081-082-095-v3/dex-095__form-00__gender-none__palette-shiny__admission.json	verified-render
106	hitmonlee	base	none	normal	assets/pokemon-animation-cards/rc31-local-trs-106-146-v3/dex-106__form-00__gender-none__palette-normal__idle-8x4.png	assets/pokemon-animation-cards/rc31-local-trs-106-146-v3/dex-106__form-00__gender-none__palette-normal__walk-8x4.png	assets/pokemon-animation-cards/rc31-local-trs-106-146-v3/dex-106__form-00__gender-none__palette-normal__runtime.png	rc31-original-trs-v1:pm0106_00:00:none:normal	8	0.9333333969116211	8	1	256	256	41	25	214	234	128	221.40825014909151	191	11	16	caf0296ec3a85feef306b545cacb4d1b7ca27cb8a421bb16f1d8727aaa2984ec	47335883a1461870b9ca9facaa85151335ef1d4b31c6aef29f3505a24cf3424a	4ed28497e39e5cb57d48a0274e2966a74d138e74235b1d4c9b756570fb95c823	assets/pokemon-animation-cards/rc31-local-trs-106-146-v3/dex-106__form-00__gender-none__palette-normal__admission.json	verified-render
106	hitmonlee	base	none	shiny	assets/pokemon-animation-cards/rc31-local-trs-106-146-v3/dex-106__form-00__gender-none__palette-shiny__idle-8x4.png	assets/pokemon-animation-cards/rc31-local-trs-106-146-v3/dex-106__form-00__gender-none__palette-shiny__walk-8x4.png	assets/pokemon-animation-cards/rc31-local-trs-106-146-v3/dex-106__form-00__gender-none__palette-shiny__runtime.png	rc31-original-trs-v1:pm0106_00:00:none:shiny	8	0.9333333969116211	8	1	256	256	41	25	214	234	128	221.40825014909151	191	11	16	dd24ca9a2eaeeb16d4c5dc9141892e4d9fb1b3357afa8804430c5e3d11e13a35	78a2be066e50cbbf4e2204722c26e1160279b4d21ea88c61d3cadd2f1bc35953	0f713357a8e3c85badac34e35eabd60b75bc33f00659231709e37f6ff688e71c	assets/pokemon-animation-cards/rc31-local-trs-106-146-v3/dex-106__form-00__gender-none__palette-shiny__admission.json	verified-render
146	moltres	base	none	normal	assets/pokemon-animation-cards/rc31-local-trs-106-146-v3/dex-146__form-00__gender-none__palette-normal__idle-8x4.png	assets/pokemon-animation-cards/rc31-local-trs-106-146-v3/dex-146__form-00__gender-none__palette-normal__walk-8x4.png	assets/pokemon-animation-cards/rc31-local-trs-106-146-v3/dex-146__form-00__gender-none__palette-normal__runtime.png	rc31-original-trs-v1:pm0146_00:00:none:normal	8	1.8000000715255737	8	1	256	256	23	31	234	225	128	227.1378577684651	60.33555115911308	15	11	0dbd609f3c609bc437419ca3f8871fd0472905b99d3386e62a3524ab9c275583	bd9cb34fba781555dc0e833b53c8ae12bc07f5b7348e7be1c63e4d3f12e59636	ac7b574ba20b99206b47a4f668a10ec309d4766ab0d60076a9431755e833ee8f	assets/pokemon-animation-cards/rc31-local-trs-106-146-v3/dex-146__form-00__gender-none__palette-normal__admission.json	verified-render
146	moltres	base	none	shiny	assets/pokemon-animation-cards/rc31-local-trs-106-146-v3/dex-146__form-00__gender-none__palette-shiny__idle-8x4.png	assets/pokemon-animation-cards/rc31-local-trs-106-146-v3/dex-146__form-00__gender-none__palette-shiny__walk-8x4.png	assets/pokemon-animation-cards/rc31-local-trs-106-146-v3/dex-146__form-00__gender-none__palette-shiny__runtime.png	rc31-original-trs-v1:pm0146_00:00:none:shiny	8	1.8000000715255737	8	1	256	256	23	31	234	225	128	227.1378577684651	60.33555115911308	15	11	fede1da53132a81f5fe0c5afd33de546988858117eb4d6ab63e855bb17d0f436	a720fe325400e1435e9730219583132b8439d1201bbaab099a66b9689797b485	b080edd9add05d46e145474716965c48b3268dd870aa53c0e00dab489994dbef	assets/pokemon-animation-cards/rc31-local-trs-106-146-v3/dex-146__form-00__gender-none__palette-shiny__admission.json	verified-render
94	gengar	base	none	normal	assets/pokemon-animation-cards/rc31-gengar-source-visibility-v1/dex-094__form-00__gender-none__palette-normal__idle-8x4.png	assets/pokemon-animation-cards/rc31-gengar-source-visibility-v1/dex-094__form-00__gender-none__palette-normal__walk-8x4.png	assets/pokemon-animation-cards/rc31-gengar-source-visibility-v1/dex-094__form-00__gender-none__palette-normal__runtime.png	rc31-gengar-original-visibility-body-v1:pm0094_00:00:none:normal	8	1.3333333730697632	8	1	256	256	17	29	239	228	128	217.20555949553386	185.29762761594543	15	16	8f1f34cdbae342e624711515a56f7ffffd5cea4599185fb5334e5fce2e855db0	7e7ce55f595a36b4486c3ae4c0d293bc14fd9a6854ebc63f20c436d926d8eb74	99f5579836fe953dba0935472644a5dd5c98f3338c570205888cb57719e88c7f	assets/pokemon-animation-cards/rc31-gengar-source-visibility-v1/dex-094__form-00__gender-none__palette-normal__admission.json	verified-render
94	gengar	base	none	shiny	assets/pokemon-animation-cards/rc31-gengar-source-visibility-v1/dex-094__form-00__gender-none__palette-shiny__idle-8x4.png	assets/pokemon-animation-cards/rc31-gengar-source-visibility-v1/dex-094__form-00__gender-none__palette-shiny__walk-8x4.png	assets/pokemon-animation-cards/rc31-gengar-source-visibility-v1/dex-094__form-00__gender-none__palette-shiny__runtime.png	rc31-gengar-original-visibility-body-v1:pm0094_00:00:none:shiny	8	1.3333333730697632	8	1	256	256	17	29	239	228	128	217.20555949553386	185.29762761594543	15	16	a8a4a4cd79c9cd3989d64d649378a8db9e0b8071cbabcc144597ee1251028d3f	4060aa32f918347651ac7377624e97388efe33e11db21fe740f0231c39f01f98	7112f0d13522aa2b708653d53156244fc9719fc0f2de0243ebcaed40b32db766	assets/pokemon-animation-cards/rc31-gengar-source-visibility-v1/dex-094__form-00__gender-none__palette-shiny__admission.json	verified-render
91	cloyster	base	none	normal	assets/pokemon-animation-cards/rc31-source-locomotion-091-098-099/dex-091__form-00__gender-none__palette-normal__idle-8x4.png	assets/pokemon-animation-cards/rc31-source-locomotion-091-098-099/dex-091__form-00__gender-none__palette-normal__walk-8x4.png	assets/pokemon-animation-cards/rc31-source-locomotion-091-098-099/dex-091__form-00__gender-none__palette-normal__runtime.png	rc31-original-trs-locomotion-body-v1:pm0091_00:00:none:normal	8	1.9666668176651	8	1	256	256	21	18	235	234	128	267.5944724430394	189.81852071228502	15	15	558123f935c3411c729224b0fae9255573d26ed8eec2c5a13d7a54a89ef1d4e4	77142187dc358b7aaff85c01dc0dc4948f20c328fed64666637724d7ebae712d	a24bc29e9dd4e64b84398eaf30bed0113a9599389c228ee85113a016f527a11a	assets/pokemon-animation-cards/rc31-source-locomotion-091-098-099/dex-091__form-00__gender-none__palette-normal__admission.json	verified-render
91	cloyster	base	none	shiny	assets/pokemon-animation-cards/rc31-source-locomotion-091-098-099/dex-091__form-00__gender-none__palette-shiny__idle-8x4.png	assets/pokemon-animation-cards/rc31-source-locomotion-091-098-099/dex-091__form-00__gender-none__palette-shiny__walk-8x4.png	assets/pokemon-animation-cards/rc31-source-locomotion-091-098-099/dex-091__form-00__gender-none__palette-shiny__runtime.png	rc31-original-trs-locomotion-body-v1:pm0091_00:00:none:shiny	8	1.9666668176651	8	1	256	256	21	18	235	234	128	267.5944724430394	189.81852071228502	15	15	789ea8e9cbdd597d89c730599ef983af4b324be745d0dc108da9832419169c30	e0247d836a301fca9a4f2e79974760c768ef5d54c98ae1af27f7dffa571ba643	3dd84e5ccd405b2804e072b2ad2df1391a7713695a01d8ac8cb14d2bc9512f5a	assets/pokemon-animation-cards/rc31-source-locomotion-091-098-099/dex-091__form-00__gender-none__palette-shiny__admission.json	verified-render
98	krabby	base	none	normal	assets/pokemon-animation-cards/rc31-source-locomotion-091-098-099/dex-098__form-00__gender-none__palette-normal__idle-8x4.png	assets/pokemon-animation-cards/rc31-source-locomotion-091-098-099/dex-098__form-00__gender-none__palette-normal__walk-8x4.png	assets/pokemon-animation-cards/rc31-source-locomotion-091-098-099/dex-098__form-00__gender-none__palette-normal__runtime.png	rc31-original-trs-locomotion-body-v1:pm0098_00:00:none:normal	8	1.3333333730697632	8	1	256	256	17	44	239	216	128	200.03837233032652	95.26096660776807	15	16	98ef503381b181ae82fb00ca767f6198b9276fda7ebf50c53794954f0db83d70	38b204cffec815da0df554ab9d3bcf27cbdf5b3d04cb367d62cf4fcdb7181571	12dcef0fed4d4d1c73979870285191ca7d0f5a528b7db9455bef2f9418bd3647	assets/pokemon-animation-cards/rc31-source-locomotion-091-098-099/dex-098__form-00__gender-none__palette-normal__admission.json	verified-render
98	krabby	base	none	shiny	assets/pokemon-animation-cards/rc31-source-locomotion-091-098-099/dex-098__form-00__gender-none__palette-shiny__idle-8x4.png	assets/pokemon-animation-cards/rc31-source-locomotion-091-098-099/dex-098__form-00__gender-none__palette-shiny__walk-8x4.png	assets/pokemon-animation-cards/rc31-source-locomotion-091-098-099/dex-098__form-00__gender-none__palette-shiny__runtime.png	rc31-original-trs-locomotion-body-v1:pm0098_00:00:none:shiny	8	1.3333333730697632	8	1	256	256	17	44	239	216	128	200.03837233032652	95.26096660776807	15	16	ada80aa0d99972b40c96293dd9eaa856dc6cb8b8238b0d724cceccd9f640301f	d4a0d24ba30f179ef381a739059282f8e2babdc6623bd9cd494178323fb941b1	4f6a5168a039262f781f4d9e70865bf45d09dc868df59b42f220ddb8d5d04931	assets/pokemon-animation-cards/rc31-source-locomotion-091-098-099/dex-098__form-00__gender-none__palette-shiny__admission.json	verified-render
99	kingler	base	none	normal	assets/pokemon-animation-cards/rc31-source-locomotion-091-098-099/dex-099__form-00__gender-none__palette-normal__idle-8x4.png	assets/pokemon-animation-cards/rc31-source-locomotion-091-098-099/dex-099__form-00__gender-none__palette-normal__walk-8x4.png	assets/pokemon-animation-cards/rc31-source-locomotion-091-098-099/dex-099__form-00__gender-none__palette-normal__runtime.png	rc31-original-trs-locomotion-body-v1:pm0099_00:00:none:normal	8	1.533333420753479	8	1.3333333730697632	256	256	17	36	239	224	128	207.21022876105494	97.46246697718004	15	16	3cca5aba9c48c6db1002848e33b34ba906a6403ac15fb0896049a1bde74644af	f63afadd73de085e27e81197ae84cab88d3cff8826a6505e5c610e87b411c790	062b2b6bfe718abb06b4562b06827daa2f5461751ee5b65fca81a067d1735bf0	assets/pokemon-animation-cards/rc31-source-locomotion-091-098-099/dex-099__form-00__gender-none__palette-normal__admission.json	verified-render
99	kingler	base	none	shiny	assets/pokemon-animation-cards/rc31-source-locomotion-091-098-099/dex-099__form-00__gender-none__palette-shiny__idle-8x4.png	assets/pokemon-animation-cards/rc31-source-locomotion-091-098-099/dex-099__form-00__gender-none__palette-shiny__walk-8x4.png	assets/pokemon-animation-cards/rc31-source-locomotion-091-098-099/dex-099__form-00__gender-none__palette-shiny__runtime.png	rc31-original-trs-locomotion-body-v1:pm0099_00:00:none:shiny	8	1.533333420753479	8	1.3333333730697632	256	256	17	36	239	224	128	207.21022876105494	97.46246697718004	15	16	af276a613449c5f5b8512b413a7e6ed7bf278e64f4ed06a1db40d7c5de513da9	2e7b3f4e4a1ccfb13aa7934ba62f211744deff37d306021f160158a633b1bb06	62dcc0950a261f67b7eea964ba30db27fc33b9fd29fc30141a52fc413917e1f2	assets/pokemon-animation-cards/rc31-source-locomotion-091-098-099/dex-099__form-00__gender-none__palette-shiny__admission.json	verified-render
114	tangela	base	none	normal	assets/pokemon-animation-cards/rc31-source-absent-114-132-138-139-142/dex-114__form-00__gender-none__palette-normal__idle-8x4.png	assets/pokemon-animation-cards/rc31-source-absent-114-132-138-139-142/dex-114__form-00__gender-none__palette-normal__walk-8x4.png	assets/pokemon-animation-cards/rc31-source-absent-114-132-138-139-142/dex-114__form-00__gender-none__palette-normal__runtime.png	rc31-original-trs-v1:pm0114_00:00:none:normal	8	1.8666667938232422	8	1	256	256	20	23	236	234	128	222.33918651587706	197	15	16	580dbe2872f21cf4d7a0d12f5f06eeff21893e00188c02a2584a558da96dc7a3	8196e22c77bb798e1e3b3d8520d419832093fdb87bb975d3224bec997927ed50	c8cead9628cb89649968bfc79265ff84e2ce2021acebc3d239e864309436d3b0	assets/pokemon-animation-cards/rc31-source-absent-114-132-138-139-142/dex-114__form-00__gender-none__palette-normal__admission.json	verified-render
114	tangela	base	none	shiny	assets/pokemon-animation-cards/rc31-source-absent-114-132-138-139-142/dex-114__form-00__gender-none__palette-shiny__idle-8x4.png	assets/pokemon-animation-cards/rc31-source-absent-114-132-138-139-142/dex-114__form-00__gender-none__palette-shiny__walk-8x4.png	assets/pokemon-animation-cards/rc31-source-absent-114-132-138-139-142/dex-114__form-00__gender-none__palette-shiny__runtime.png	rc31-original-trs-v1:pm0114_00:00:none:shiny	8	1.8666667938232422	8	1	256	256	20	23	236	234	128	222.33918651587706	197	15	16	6123f0c40104277bd63fdc6170b2aab58bf5f72873cda8115fe702700d24355a	ed83d8c4a6f87d639a274cf002576763c121a86909fd8b4554c993a99b61c643	661911de59650038fce1a303d194a521ddb401caf63f5d8ef439de1ddc9fca38	assets/pokemon-animation-cards/rc31-source-absent-114-132-138-139-142/dex-114__form-00__gender-none__palette-shiny__admission.json	verified-render
132	ditto	base	none	normal	assets/pokemon-animation-cards/rc31-source-absent-114-132-138-139-142/dex-132__form-00__gender-none__palette-normal__idle-8x4.png	assets/pokemon-animation-cards/rc31-source-absent-114-132-138-139-142/dex-132__form-00__gender-none__palette-normal__walk-8x4.png	assets/pokemon-animation-cards/rc31-source-absent-114-132-138-139-142/dex-132__form-00__gender-none__palette-normal__runtime.png	rc31-original-trs-v1:pm0132_00:00:none:normal	8	2	8	1.2000000476837158	256	256	17	41	239	221	128	206.05260621688754	151	15	16	49ed7559a8dd52531c4196f5f1feed227a5f8f3f31c04cb79b956fc6ebf3ea62	48d1d53f3c5c6230f12568cdb09da072abd58a60ecd3543dc272d893a7827a39	0568ec8024e82dc65924bfce8050865c0848ec07ec50990c4ff53b2508a8c7e4	assets/pokemon-animation-cards/rc31-source-absent-114-132-138-139-142/dex-132__form-00__gender-none__palette-normal__admission.json	verified-render
132	ditto	base	none	shiny	assets/pokemon-animation-cards/rc31-source-absent-114-132-138-139-142/dex-132__form-00__gender-none__palette-shiny__idle-8x4.png	assets/pokemon-animation-cards/rc31-source-absent-114-132-138-139-142/dex-132__form-00__gender-none__palette-shiny__walk-8x4.png	assets/pokemon-animation-cards/rc31-source-absent-114-132-138-139-142/dex-132__form-00__gender-none__palette-shiny__runtime.png	rc31-original-trs-v1:pm0132_00:00:none:shiny	8	2	8	1.2000000476837158	256	256	17	41	239	221	128	206.05260621688754	151	15	16	84541ddcf0078982bcebbfcedfda0472924b3431ee48b1498a06c9eddbce97d2	655fcffc36de774e411c014d0cfc90c7c437edff434b6ca4f6876cb5741c4d46	fed3507e5b4f45c2c41a45bd7c2ac97bf8663b63b70692b78585fae73f0735f3	assets/pokemon-animation-cards/rc31-source-absent-114-132-138-139-142/dex-132__form-00__gender-none__palette-shiny__admission.json	verified-render
138	omanyte	base	none	normal	assets/pokemon-animation-cards/rc31-source-absent-114-132-138-139-142/dex-138__form-00__gender-none__palette-normal__idle-8x4.png	assets/pokemon-animation-cards/rc31-source-absent-114-132-138-139-142/dex-138__form-00__gender-none__palette-normal__walk-8x4.png	assets/pokemon-animation-cards/rc31-source-absent-114-132-138-139-142/dex-138__form-00__gender-none__palette-normal__runtime.png	rc31-original-trs-v1:pm0138_00:00:none:normal	8	2.6666667461395264	8	1	256	256	17	59	239	207	128	191.79319892635462	147	15	16	4d6325a850ae626158fd07d64c65fba20b6c63bc329a6f9d3c576c2f60792ea6	312ee7954a23062ad7773081aca84766dcb418ae9e9054228cdf9f019fa96061	d24e30aa95bd432a636df3e4ccd961f61cc23fde8b2896beb39d6ecd11d51e39	assets/pokemon-animation-cards/rc31-source-absent-114-132-138-139-142/dex-138__form-00__gender-none__palette-normal__admission.json	verified-render
138	omanyte	base	none	shiny	assets/pokemon-animation-cards/rc31-source-absent-114-132-138-139-142/dex-138__form-00__gender-none__palette-shiny__idle-8x4.png	assets/pokemon-animation-cards/rc31-source-absent-114-132-138-139-142/dex-138__form-00__gender-none__palette-shiny__walk-8x4.png	assets/pokemon-animation-cards/rc31-source-absent-114-132-138-139-142/dex-138__form-00__gender-none__palette-shiny__runtime.png	rc31-original-trs-v1:pm0138_00:00:none:shiny	8	2.6666667461395264	8	1	256	256	17	59	239	207	128	191.79319892635462	147	15	16	f2ca4f2f9991b3c7c81331b2a64a13fb5e6c67d5c3be19d8a85a7cbb24f0bf28	9d09cf2bcc70d735a837e3683db01e93d59ca9991a4a8154194dfda13259bbc1	c7f383d2818b4619578a9c755b2fb8f4ec3d9be6835bbbf5fe6418a17c98c63c	assets/pokemon-animation-cards/rc31-source-absent-114-132-138-139-142/dex-138__form-00__gender-none__palette-shiny__admission.json	verified-render
139	omastar	base	none	normal	assets/pokemon-animation-cards/rc31-source-absent-114-132-138-139-142/dex-139__form-00__gender-none__palette-normal__idle-8x4.png	assets/pokemon-animation-cards/rc31-source-absent-114-132-138-139-142/dex-139__form-00__gender-none__palette-normal__walk-8x4.png	assets/pokemon-animation-cards/rc31-source-absent-114-132-138-139-142/dex-139__form-00__gender-none__palette-normal__runtime.png	rc31-original-trs-v1:pm0139_00:00:none:normal	8	2.6666667461395264	8	1	256	256	17	38	239	225	128	212.0646863687963	182	15	15	0df031f74a9b225247cefa566e2aa34c115ae74f214c2d771a74b0ce4320db0d	42647e00477c8f9a7f564531e083b11a5a146a45344e100f82d6e714968d65d1	11e9eda5542e9c3528f85dfbc54b4d1fc4a48f700a4e20941497fa44f5e21c8c	assets/pokemon-animation-cards/rc31-source-absent-114-132-138-139-142/dex-139__form-00__gender-none__palette-normal__admission.json	verified-render
139	omastar	base	none	shiny	assets/pokemon-animation-cards/rc31-source-absent-114-132-138-139-142/dex-139__form-00__gender-none__palette-shiny__idle-8x4.png	assets/pokemon-animation-cards/rc31-source-absent-114-132-138-139-142/dex-139__form-00__gender-none__palette-shiny__walk-8x4.png	assets/pokemon-animation-cards/rc31-source-absent-114-132-138-139-142/dex-139__form-00__gender-none__palette-shiny__runtime.png	rc31-original-trs-v1:pm0139_00:00:none:shiny	8	2.6666667461395264	8	1	256	256	17	38	239	225	128	212.0646863687963	182	15	15	9f5bcd5d446ed993683f047e1946e463f967ecae6d5cf72def066d83082fd042	d0a5606455452b43a78b8aaa0e2cb1c8428a3851cca7a7818ea523ef8553d133	4ca539fc42469e34de3dd6922fdbd4d2e868790cf7b8d41c06e2393a31bcddba	assets/pokemon-animation-cards/rc31-source-absent-114-132-138-139-142/dex-139__form-00__gender-none__palette-shiny__admission.json	verified-render
142	aerodactyl	base	none	normal	assets/pokemon-animation-cards/rc31-aerodactyl-original-material-v2/dex-142__form-00__gender-none__palette-normal__idle-8x4.png	assets/pokemon-animation-cards/rc31-aerodactyl-original-material-v2/dex-142__form-00__gender-none__palette-normal__walk-8x4.png	assets/pokemon-animation-cards/rc31-aerodactyl-original-material-v2/dex-142__form-00__gender-none__palette-normal__runtime.png	rc31-original-material142-wide-v2:pm0142_00:00:none:normal	8	1.3333333730697632	8	1	384	256	34	16	350	239	192	128.07670987276938	93.40500476838615	15	7	f431cfb9ef43684f5f235450d1d59dad1b408ba2f7fe7cc8f192701f3fa005a4	365860f8e3bbb317c7f790122327a1adcac23e6634121e2bfc078d45e3a79fb0	e95bb4b1701b98e0b81af2b43feb306f194c2b7bcb4b16bd1c3cabe36f7a9cfe	assets/pokemon-animation-cards/rc31-aerodactyl-original-material-v2/dex-142__form-00__gender-none__palette-normal__admission.json	verified-render
142	aerodactyl	base	none	shiny	assets/pokemon-animation-cards/rc31-aerodactyl-original-material-v2/dex-142__form-00__gender-none__palette-shiny__idle-8x4.png	assets/pokemon-animation-cards/rc31-aerodactyl-original-material-v2/dex-142__form-00__gender-none__palette-shiny__walk-8x4.png	assets/pokemon-animation-cards/rc31-aerodactyl-original-material-v2/dex-142__form-00__gender-none__palette-shiny__runtime.png	rc31-original-material142-wide-v2:pm0142_00:00:none:shiny	8	1.3333333730697632	8	1	384	256	34	16	350	239	192	128.07670987276938	93.40500476838615	15	7	17b03ef28ce2a0d5cc9eb2f379bed96580be7926a6c8274ee08725b9703cf1d3	00d49d8a2049014838ce967bfe5ce2f26e7732e8245648fac9e3c4855a3d6dfa	2dcd648bb84f0240e921d5d150ea9779dfa7eeeb0d8667b697b8389b8b62926d	assets/pokemon-animation-cards/rc31-aerodactyl-original-material-v2/dex-142__form-00__gender-none__palette-shiny__admission.json	verified-render
103	exeggutor	base	none	normal	assets/pokemon-animation-cards/rc31-body-103-128-134/dex-103__form-00__gender-none__palette-normal__idle-8x4.png	assets/pokemon-animation-cards/rc31-body-103-128-134/dex-103__form-00__gender-none__palette-normal__walk-8x4.png	assets/pokemon-animation-cards/rc31-body-103-128-134/dex-103__form-00__gender-none__palette-normal__runtime.png	rc31-original-trs-v1:pm0103_00:00:none:normal	8	1.6000001430511475	8	1.4000000953674316	256	256	17	49	239	205	128	198.17755452221593	96.21277164065704	15	14	9e10551585bab44a47a1e2709226c56c41f8fe5dbc286a119fd78d1c4674d7f9	6578b8438d755b6c34db98417f7f2ad2a5f8ec70847d0ad97c39ec438774b10c	89d681e4018229b24be6ad7b70dc7a6eb99c75f4cac2a2b9e17b8fdfc7937473	assets/pokemon-animation-cards/rc31-body-103-128-134/dex-103__form-00__gender-none__palette-normal__admission.json	verified-render
103	exeggutor	base	none	shiny	assets/pokemon-animation-cards/rc31-body-103-128-134/dex-103__form-00__gender-none__palette-shiny__idle-8x4.png	assets/pokemon-animation-cards/rc31-body-103-128-134/dex-103__form-00__gender-none__palette-shiny__walk-8x4.png	assets/pokemon-animation-cards/rc31-body-103-128-134/dex-103__form-00__gender-none__palette-shiny__runtime.png	rc31-original-trs-v1:pm0103_00:00:none:shiny	8	1.6000001430511475	8	1.4000000953674316	256	256	17	49	239	205	128	198.17755452221593	96.21277164065704	15	14	240170baf000dc8f6a94222c973fb40d790c09dc7150d7e9ca2d9b322c249dc4	085c5f97767a1a4b6e839f2244b62ffaac2542329061713b5389d95da75a94c3	54717956a9355a84e40221a4ebb4636b44818ad48058a841c887d95d9cb36f23	assets/pokemon-animation-cards/rc31-body-103-128-134/dex-103__form-00__gender-none__palette-shiny__admission.json	verified-render
128	tauros	base	none	normal	assets/pokemon-animation-cards/rc31-body-103-128-134/dex-128__form-00__gender-none__palette-normal__idle-8x4.png	assets/pokemon-animation-cards/rc31-body-103-128-134/dex-128__form-00__gender-none__palette-normal__walk-8x4.png	assets/pokemon-animation-cards/rc31-body-103-128-134/dex-128__form-00__gender-none__palette-normal__runtime.png	rc31-original-trs-v1:pm0128_00:00:none:normal	8	1.6000001430511475	8	1.3333333730697632	256	256	18	62	239	192	128	184.80618984244907	86.0571288620631	15	16	80e28e49339280b0490db1312903e536b77ea6c4474a489636d549e96e11e40f	3f3d5a689d2588b03d57bc25b2a61bde06c25ebf3c8fcc61fe33fe84cb867721	e7eafdfe1abfd4afe183fb4cab8516fb161d11c2ec90eee57e6d7d75b81b6a46	assets/pokemon-animation-cards/rc31-body-103-128-134/dex-128__form-00__gender-none__palette-normal__admission.json	verified-render
128	tauros	base	none	shiny	assets/pokemon-animation-cards/rc31-body-103-128-134/dex-128__form-00__gender-none__palette-shiny__idle-8x4.png	assets/pokemon-animation-cards/rc31-body-103-128-134/dex-128__form-00__gender-none__palette-shiny__walk-8x4.png	assets/pokemon-animation-cards/rc31-body-103-128-134/dex-128__form-00__gender-none__palette-shiny__runtime.png	rc31-original-trs-v1:pm0128_00:00:none:shiny	8	1.6000001430511475	8	1.3333333730697632	256	256	18	62	239	192	128	184.80618984244907	86.0571288620631	15	16	8b0c92068299e6b1c45ba181f8b3e881b4a5d89f30765cf65d44db6590d5af96	0b75219bb75df2f7ebbe23ba315380cf4e7e2923625908a23c0d2e164d358a5f	bfbf656f80d049b7de4e40a52717df2eee06407518f1420d20bf0f66d9975bff	assets/pokemon-animation-cards/rc31-body-103-128-134/dex-128__form-00__gender-none__palette-shiny__admission.json	verified-render
134	vaporeon	base	none	normal	assets/pokemon-animation-cards/rc31-body-103-128-134/dex-134__form-00__gender-none__palette-normal__idle-8x4.png	assets/pokemon-animation-cards/rc31-body-103-128-134/dex-134__form-00__gender-none__palette-normal__walk-8x4.png	assets/pokemon-animation-cards/rc31-body-103-128-134/dex-134__form-00__gender-none__palette-normal__runtime.png	rc31-original-trs-v1:pm0134_00:00:none:normal	8	2.133333444595337	8	1	256	256	17	83	239	180	128	165.47766460749554	81.66629551379705	15	16	a8d8cb371042305b112340cb5f4776520f74aa18722f15e92a806c3897da8e1d	31ff36f2288f151f4338889c31015c97af7ef5c5ccdbf82927d5cfcaa9acaf7e	244576c1c1108295bc26bc9fa777a92e3c472ed277bf2a11f5406553c83666a6	assets/pokemon-animation-cards/rc31-body-103-128-134/dex-134__form-00__gender-none__palette-normal__admission.json	verified-render
134	vaporeon	base	none	shiny	assets/pokemon-animation-cards/rc31-body-103-128-134/dex-134__form-00__gender-none__palette-shiny__idle-8x4.png	assets/pokemon-animation-cards/rc31-body-103-128-134/dex-134__form-00__gender-none__palette-shiny__walk-8x4.png	assets/pokemon-animation-cards/rc31-body-103-128-134/dex-134__form-00__gender-none__palette-shiny__runtime.png	rc31-original-trs-v1:pm0134_00:00:none:shiny	8	2.133333444595337	8	1	256	256	17	83	239	180	128	165.47766460749554	81.66629551379705	15	16	de0e60ac7c05fb4faaec90cb9923796236617ab4c4f6fdbed9bb2a7be311535c	a269d439a9a636d9eeec2a849bc7586b00e9101b4bc19fa41edfb42f7a165dbf	9f3c90352c2feeeaa9dea62db1fb19bd4c3e15a941625179285a3feb177385a9	assets/pokemon-animation-cards/rc31-body-103-128-134/dex-134__form-00__gender-none__palette-shiny__admission.json	verified-render
49	venomoth	base	none	normal	assets/pokemon-animation-cards/rc31-venomoth-body-root-reviewed/dex-049__form-00__gender-none__palette-normal__idle-8x4.png	assets/pokemon-animation-cards/rc31-venomoth-body-root-reviewed/dex-049__form-00__gender-none__palette-normal__walk-8x4.png	assets/pokemon-animation-cards/rc31-venomoth-body-root-reviewed/dex-049__form-00__gender-none__palette-normal__runtime.png	rc31-original-trs-venomoth-body-v3:pm0049_00:00:none:normal	8	1.6000001430511475	8	1.2000000476837158	256	256	17	39	239	214	128	223.87244086297574	124.81301421696331	15	16	4c9558ca7ae7245ce40b809f0ead373615945aa325b0242185d845cabd3848d2	0213a65281b1669d467af9e1a11db6a5c784882ded4fdeed6c4711e5180bd225	0e393f75c5f5456bed4af482dccfdc6c0aa62be0645651100e8ba9d5ed9b6e4e	assets/pokemon-animation-cards/rc31-venomoth-body-root-reviewed/dex-049__form-00__gender-none__palette-normal__admission.json	verified-render
49	venomoth	base	none	shiny	assets/pokemon-animation-cards/rc31-venomoth-body-root-reviewed/dex-049__form-00__gender-none__palette-shiny__idle-8x4.png	assets/pokemon-animation-cards/rc31-venomoth-body-root-reviewed/dex-049__form-00__gender-none__palette-shiny__walk-8x4.png	assets/pokemon-animation-cards/rc31-venomoth-body-root-reviewed/dex-049__form-00__gender-none__palette-shiny__runtime.png	rc31-original-trs-venomoth-body-v3:pm0049_00:00:none:shiny	8	1.6000001430511475	8	1.2000000476837158	256	256	17	39	239	214	128	223.87244086297574	124.81301421696331	15	16	ef2015f62dcfd167fca6f3c8b232ef91b533a8705b4065d866609d6424c189cb	e0c3560f00acbbfbb344f814c35027c792822418c1ea2bc37c089131b63832b6	31fbcb367303d637dcc46705dfa1a8c6d576fa0e97d52a9ad12f983eb9b29871	assets/pokemon-animation-cards/rc31-venomoth-body-root-reviewed/dex-049__form-00__gender-none__palette-shiny__admission.json	verified-render
41	zubat	base	none	normal	assets/pokemon-animation-cards/rc31-zubat-source-density-root-reviewed/dex-041__form-00__gender-none__palette-normal__idle-16x4.png	assets/pokemon-animation-cards/rc31-zubat-source-density-root-reviewed/dex-041__form-00__gender-none__palette-normal__walk-16x4.png	assets/pokemon-animation-cards/rc31-zubat-source-density-root-reviewed/dex-041__form-00__gender-none__palette-normal__runtime.png	rc31-original-bat16-full-hierarchy-body-v1:pm0041_00:00:none:normal	16	1.3333333730697632	16	0.8333333730697632	256	256	24	27	233	231	128	227.20426183849153	80.05296241556061	15	16	c2a27edaac4289ba5820d02129bdfdb55fcdfc89448a9584c1e7f4a89f61a658	adbd7a2a5e6306ae0e2a8761df3bdaf0fd05c8036242fdd5a42c712a319e6b10	84fae2d68f833c7b38b59ad29bf69332846592da40692ba71f47298c5116ee83	assets/pokemon-animation-cards/rc31-zubat-source-density-root-reviewed/dex-041__form-00__gender-none__palette-normal__admission.json	verified-render
41	zubat	base	none	shiny	assets/pokemon-animation-cards/rc31-zubat-source-density-root-reviewed/dex-041__form-00__gender-none__palette-shiny__idle-16x4.png	assets/pokemon-animation-cards/rc31-zubat-source-density-root-reviewed/dex-041__form-00__gender-none__palette-shiny__walk-16x4.png	assets/pokemon-animation-cards/rc31-zubat-source-density-root-reviewed/dex-041__form-00__gender-none__palette-shiny__runtime.png	rc31-original-bat16-full-hierarchy-body-v1:pm0041_00:00:none:shiny	16	1.3333333730697632	16	0.8333333730697632	256	256	24	27	233	231	128	227.20426183849153	80.05296241556061	15	16	46b285f15a63d0b42b9c845a05e474aa949992e04d6aec42bb2097d25da43e43	eef1ba773323905a8d0bb95ad46ed0a7b036565dec7c2db7e7e6a447d85cfe53	de542e72dd7b7757209547c1e71104e3aea8c364fbddd22d43dc51ed8bebb09b	assets/pokemon-animation-cards/rc31-zubat-source-density-root-reviewed/dex-041__form-00__gender-none__palette-shiny__admission.json	verified-render
51	dugtrio	base	none	normal	assets/pokemon-animation-cards/rc31-source-absent-seven-root-reviewed/dex-051__form-00__gender-none__palette-normal__idle-8x4.png	assets/pokemon-animation-cards/rc31-source-absent-seven-root-reviewed/dex-051__form-00__gender-none__palette-normal__walk-8x4.png	assets/pokemon-animation-cards/rc31-source-absent-seven-root-reviewed/dex-051__form-00__gender-none__palette-normal__runtime.png	rc31-original-trs-exact-absent-body-v1:pm0051_00:00:none:normal	8	2	8	1.6666667461395264	256	256	17	40	239	222	128	206.333882369899	159.82619070943042	15	12	480e06376444700278ba0776f2f4d20ac208a19e4269be1751686a8f09870a8b	fdba6879d851c21fe3014ec8309e176f75457b04877177a4bdb774631a8ccd43	440a0ad5229493e6c91cf4adfe018299f469ff7ccb068a5e0970dfffd77fb856	assets/pokemon-animation-cards/rc31-source-absent-seven-root-reviewed/dex-051__form-00__gender-none__palette-normal__admission.json	verified-render
51	dugtrio	base	none	shiny	assets/pokemon-animation-cards/rc31-source-absent-seven-root-reviewed/dex-051__form-00__gender-none__palette-shiny__idle-8x4.png	assets/pokemon-animation-cards/rc31-source-absent-seven-root-reviewed/dex-051__form-00__gender-none__palette-shiny__walk-8x4.png	assets/pokemon-animation-cards/rc31-source-absent-seven-root-reviewed/dex-051__form-00__gender-none__palette-shiny__runtime.png	rc31-original-trs-exact-absent-body-v1:pm0051_00:00:none:shiny	8	2	8	1.6666667461395264	256	256	17	40	239	222	128	206.333882369899	159.82619070943042	15	12	00c33d17dbe74f10df685e91406ab0c3049f7be4cc37b2486f011039fd22de83	5fdcef575fd40acb9eae5a80a0e13fe9103546aeee4f7b9789eb4e7eafc6462f	b91d5330aa523f8c059129b067ee55e7f78dd84fe749a29403b44928a3fd7151	assets/pokemon-animation-cards/rc31-source-absent-seven-root-reviewed/dex-051__form-00__gender-none__palette-shiny__admission.json	verified-render
69	bellsprout	base	none	normal	assets/pokemon-animation-cards/rc31-source-absent-seven-root-reviewed/dex-069__form-00__gender-none__palette-normal__idle-8x4.png	assets/pokemon-animation-cards/rc31-source-absent-seven-root-reviewed/dex-069__form-00__gender-none__palette-normal__walk-8x4.png	assets/pokemon-animation-cards/rc31-source-absent-seven-root-reviewed/dex-069__form-00__gender-none__palette-normal__runtime.png	rc31-original-trs-exact-absent-body-v1:pm0069_00:00:none:normal	8	2	8	1	256	256	20	27	237	232	128	221.81813445079933	178.7238129894842	15	16	d228bd4e91e62fcd0776c02c2a720d2fa7deac63952a1da4ad4019c62db01844	4276851af7afccf30ef3af10e96bbece23d2200446ac3ba7e46c77743402d5b7	b23a0116b648b61945b652b5b91b16a7f33f62270d951e8c1de983578e6c59ae	assets/pokemon-animation-cards/rc31-source-absent-seven-root-reviewed/dex-069__form-00__gender-none__palette-normal__admission.json	verified-render
69	bellsprout	base	none	shiny	assets/pokemon-animation-cards/rc31-source-absent-seven-root-reviewed/dex-069__form-00__gender-none__palette-shiny__idle-8x4.png	assets/pokemon-animation-cards/rc31-source-absent-seven-root-reviewed/dex-069__form-00__gender-none__palette-shiny__walk-8x4.png	assets/pokemon-animation-cards/rc31-source-absent-seven-root-reviewed/dex-069__form-00__gender-none__palette-shiny__runtime.png	rc31-original-trs-exact-absent-body-v1:pm0069_00:00:none:shiny	8	2	8	1	256	256	20	27	237	232	128	221.81813445079933	178.7238129894842	15	16	dd3e58a2a95d3bc8dab652e3d78a4b7b8dccaa7b5ae2f53ac8e1ef4eb3e61101	cb1e4d2d7c03aaf8a452ac2dc3ce48d24f9fa4a7c579650f7da45c1de5dcaca4	84a2a5a2fb4c2dbc543ddcd7764a3c63020322f33a55510e3101a197b7b71875	assets/pokemon-animation-cards/rc31-source-absent-seven-root-reviewed/dex-069__form-00__gender-none__palette-shiny__admission.json	verified-render
70	weepinbell	base	none	normal	assets/pokemon-animation-cards/rc31-source-absent-seven-root-reviewed/dex-070__form-00__gender-none__palette-normal__idle-8x4.png	assets/pokemon-animation-cards/rc31-source-absent-seven-root-reviewed/dex-070__form-00__gender-none__palette-normal__walk-8x4.png	assets/pokemon-animation-cards/rc31-source-absent-seven-root-reviewed/dex-070__form-00__gender-none__palette-normal__runtime.png	rc31-original-trs-exact-absent-body-v1:pm0070_00:00:none:normal	8	2	8	1.3333333730697632	256	256	17	38	239	216	128	246.84146290200533	122.22326475780254	15	16	cd9a9e1f6a704829c82e0b48a5be7a48351d3c2caa82f822672735545c8242d9	3e7cae873a255702033e72ad76b7d1fae20b6e2fe3e8d66717d9160648bd3ae9	057f0b54c000d6c84e0b90e57a9c9ded58908fc0848d0ed025f61aa366cf1164	assets/pokemon-animation-cards/rc31-source-absent-seven-root-reviewed/dex-070__form-00__gender-none__palette-normal__admission.json	verified-render
70	weepinbell	base	none	shiny	assets/pokemon-animation-cards/rc31-source-absent-seven-root-reviewed/dex-070__form-00__gender-none__palette-shiny__idle-8x4.png	assets/pokemon-animation-cards/rc31-source-absent-seven-root-reviewed/dex-070__form-00__gender-none__palette-shiny__walk-8x4.png	assets/pokemon-animation-cards/rc31-source-absent-seven-root-reviewed/dex-070__form-00__gender-none__palette-shiny__runtime.png	rc31-original-trs-exact-absent-body-v1:pm0070_00:00:none:shiny	8	2	8	1.3333333730697632	256	256	17	38	239	216	128	246.84146290200533	122.22326475780254	15	16	fe6633b0658a05dc8d2099f003da9cfca885408cfab8da43c086c18889b6b008	866e5b430ed15d7d2eb6f256c8c80dc14f93786e6d3aa58b6c6935aa0950b6df	1d6efa8490ba025406351af26d35a498d2881fbe4150a14c6af3a3d89b41c8f4	assets/pokemon-animation-cards/rc31-source-absent-seven-root-reviewed/dex-070__form-00__gender-none__palette-shiny__admission.json	verified-render
71	victreebel	base	none	normal	assets/pokemon-animation-cards/rc31-source-absent-seven-root-reviewed/dex-071__form-00__gender-none__palette-normal__idle-8x4.png	assets/pokemon-animation-cards/rc31-source-absent-seven-root-reviewed/dex-071__form-00__gender-none__palette-normal__walk-8x4.png	assets/pokemon-animation-cards/rc31-source-absent-seven-root-reviewed/dex-071__form-00__gender-none__palette-normal__runtime.png	rc31-original-trs-exact-absent-body-v1:pm0071_00:00:none:normal	8	2	8	1.533333420753479	256	256	17	35	239	224	128	224.71206878691478	118.28997998686052	15	16	0551b15482f0a219d77902953b6a182702f684e5edd861777b22d36768f3ac47	d57c5df674b475f58ca9d07c89d2e5add9b41fa042d690aa0714af1984a4a56e	1c6aac23cb00dab68f4b1d8bd1d6a5eed6d4ac71d9c6ef80681d31da592d5f56	assets/pokemon-animation-cards/rc31-source-absent-seven-root-reviewed/dex-071__form-00__gender-none__palette-normal__admission.json	verified-render
71	victreebel	base	none	shiny	assets/pokemon-animation-cards/rc31-source-absent-seven-root-reviewed/dex-071__form-00__gender-none__palette-shiny__idle-8x4.png	assets/pokemon-animation-cards/rc31-source-absent-seven-root-reviewed/dex-071__form-00__gender-none__palette-shiny__walk-8x4.png	assets/pokemon-animation-cards/rc31-source-absent-seven-root-reviewed/dex-071__form-00__gender-none__palette-shiny__runtime.png	rc31-original-trs-exact-absent-body-v1:pm0071_00:00:none:shiny	8	2	8	1.533333420753479	256	256	17	35	239	224	128	224.71206878691478	118.28997998686052	15	16	1eb51cb83d7dbde9b433abbff9173ad8f4d844a6c1a90f20b148b10ea6f8b24a	94cb48f4ca706448a9658989dd2d74ebe59f1a0c74db605564a5ce4cacff563b	0698c059fc14166d61faf616fcd589533c7dbd6fe3835aac50647d7bbfe178ef	assets/pokemon-animation-cards/rc31-source-absent-seven-root-reviewed/dex-071__form-00__gender-none__palette-shiny__admission.json	verified-render
83	farfetchd	base	none	normal	assets/pokemon-animation-cards/rc31-source-absent-seven-root-reviewed/dex-083__form-00__gender-none__palette-normal__idle-8x4.png	assets/pokemon-animation-cards/rc31-source-absent-seven-root-reviewed/dex-083__form-00__gender-none__palette-normal__walk-8x4.png	assets/pokemon-animation-cards/rc31-source-absent-seven-root-reviewed/dex-083__form-00__gender-none__palette-normal__runtime.png	rc31-original-trs-exact-absent-body-v1:pm0083_00:00:none:normal	8	1.6000001430511475	8	0.7000000476837158	256	256	17	43	239	217	128	205.3964464628815	159.3089978601308	15	16	94a70141e0ef45a25687b5e703f519238f932cec3551998727eb89183769671f	de4ff65043241285b5c3561eac4b5fd95eea9350bd711af0f01f5de74f4ee6ed	90b7b288184b529782d1871c62f3a02364ab3fd38c7eaabcbc5de8cb615d8c0d	assets/pokemon-animation-cards/rc31-source-absent-seven-root-reviewed/dex-083__form-00__gender-none__palette-normal__admission.json	verified-render
83	farfetchd	base	none	shiny	assets/pokemon-animation-cards/rc31-source-absent-seven-root-reviewed/dex-083__form-00__gender-none__palette-shiny__idle-8x4.png	assets/pokemon-animation-cards/rc31-source-absent-seven-root-reviewed/dex-083__form-00__gender-none__palette-shiny__walk-8x4.png	assets/pokemon-animation-cards/rc31-source-absent-seven-root-reviewed/dex-083__form-00__gender-none__palette-shiny__runtime.png	rc31-original-trs-exact-absent-body-v1:pm0083_00:00:none:shiny	8	1.6000001430511475	8	0.7000000476837158	256	256	17	43	239	217	128	205.3964464628815	159.3089978601308	15	16	3de7ff7a0e0c3b57c3cb9bb52bbad795d60d94512cb5a0dfebb1c13f94319fc7	cc9463bada63700e303ede34814751004ec6ff6dca364aead6da1cd266303d18	3397497b60c8dab2d67729568addbf58d3e642cc4537115e1295312aef48c8dc	assets/pokemon-animation-cards/rc31-source-absent-seven-root-reviewed/dex-083__form-00__gender-none__palette-shiny__admission.json	verified-render
90	shellder	base	none	normal	assets/pokemon-animation-cards/rc31-source-absent-seven-root-reviewed/dex-090__form-00__gender-none__palette-normal__idle-8x4.png	assets/pokemon-animation-cards/rc31-source-absent-seven-root-reviewed/dex-090__form-00__gender-none__palette-normal__walk-8x4.png	assets/pokemon-animation-cards/rc31-source-absent-seven-root-reviewed/dex-090__form-00__gender-none__palette-normal__runtime.png	rc31-original-trs-exact-absent-body-v1:pm0090_00:00:none:normal	8	2.6666667461395264	8	1	256	256	17	53	239	205	128	192.88452217533256	112.74451114166229	15	11	917f2b5026658ed9290274967cd334adfd89a871e7e9f758e07359e21fd6d8cd	5f328ce5a4510fd2408b2ebe2ba83208a4d207a264dbb887018b51cba6f40a19	53876500f54775ddf330fab4309dc3a8e9d2867824e232ef3ee23e5092735d7a	assets/pokemon-animation-cards/rc31-source-absent-seven-root-reviewed/dex-090__form-00__gender-none__palette-normal__admission.json	verified-render
90	shellder	base	none	shiny	assets/pokemon-animation-cards/rc31-source-absent-seven-root-reviewed/dex-090__form-00__gender-none__palette-shiny__idle-8x4.png	assets/pokemon-animation-cards/rc31-source-absent-seven-root-reviewed/dex-090__form-00__gender-none__palette-shiny__walk-8x4.png	assets/pokemon-animation-cards/rc31-source-absent-seven-root-reviewed/dex-090__form-00__gender-none__palette-shiny__runtime.png	rc31-original-trs-exact-absent-body-v1:pm0090_00:00:none:shiny	8	2.6666667461395264	8	1	256	256	17	53	239	205	128	192.88452217533256	112.74451114166229	15	11	40e172178a98224167a1adf45c1daa1ebdc8e72f9f4bc1a313efbbe18c4029e4	e2202c4d9399fd41765a523eeecde771f160aca71ad7e9c89c468e96f0b59a0c	142b78159fb457b96fa49ac2e63dff7861a98513da366a33a793afbac1624beb	assets/pokemon-animation-cards/rc31-source-absent-seven-root-reviewed/dex-090__form-00__gender-none__palette-shiny__admission.json	verified-render
96	drowzee	base	none	normal	assets/pokemon-animation-cards/rc31-source-absent-seven-root-reviewed/dex-096__form-00__gender-none__palette-normal__idle-8x4.png	assets/pokemon-animation-cards/rc31-source-absent-seven-root-reviewed/dex-096__form-00__gender-none__palette-normal__walk-8x4.png	assets/pokemon-animation-cards/rc31-source-absent-seven-root-reviewed/dex-096__form-00__gender-none__palette-normal__runtime.png	rc31-original-trs-exact-absent-body-v1:pm0096_00:00:none:normal	8	2.3333334922790527	8	1	256	256	17	33	239	227	128	215.30990536796799	182.24174752251145	15	16	02abf1f602bd6addc6a9215f98ff1108965bc5e0bca1b3f4e1b7d932ea663a04	9562e6e354bb6c81c402cb1d37ad1b161e709ff3cc6df459e81849ad490566fe	ce57f05b9ff0750d1d1f808f04918e1a24f271c5d09b567b4664242314d3c320	assets/pokemon-animation-cards/rc31-source-absent-seven-root-reviewed/dex-096__form-00__gender-none__palette-normal__admission.json	verified-render
96	drowzee	base	none	shiny	assets/pokemon-animation-cards/rc31-source-absent-seven-root-reviewed/dex-096__form-00__gender-none__palette-shiny__idle-8x4.png	assets/pokemon-animation-cards/rc31-source-absent-seven-root-reviewed/dex-096__form-00__gender-none__palette-shiny__walk-8x4.png	assets/pokemon-animation-cards/rc31-source-absent-seven-root-reviewed/dex-096__form-00__gender-none__palette-shiny__runtime.png	rc31-original-trs-exact-absent-body-v1:pm0096_00:00:none:shiny	8	2.3333334922790527	8	1	256	256	17	33	239	227	128	215.30990536796799	182.24174752251145	15	16	d43180cd2e7fa91745f5e9d7907a61c10a8e8b54720b657282b00b5e0aefeb77	e68fa995551c02cdb085908f57156f10295087c4d43af4cfc2d1c2d3d89b1c60	710b43ce22f0774b6c656d57e565a014a8fedf7849a5ce39cc0e7b7deb43c2b3	assets/pokemon-animation-cards/rc31-source-absent-seven-root-reviewed/dex-096__form-00__gender-none__palette-shiny__admission.json	verified-render
144	articuno	base	none	normal	assets/pokemon-animation-cards/rc31-birds-original-origin-root-reviewed/dex-144__form-00__gender-none__palette-normal__idle-8x4.png	assets/pokemon-animation-cards/rc31-birds-original-origin-root-reviewed/dex-144__form-00__gender-none__palette-normal__walk-8x4.png	assets/pokemon-animation-cards/rc31-birds-original-origin-root-reviewed/dex-144__form-00__gender-none__palette-normal__runtime.png	rc31-rectangle-qa-v1:pm0144_00:00:none:normal	8	1.3333333730697632	8	0.6666666865348816	384	256	15	48	368	209	192	209.0544605080513	64.25601763016694	15	16	0ab98c61dc4e35c0c2f7a8f69d8f03a123d66327469d9c0834e7be0c94a0f855	1fc2816f2ab20c51dede0a59b299702580d2734ba1c56084a509cad0cae5decd	fd59e6aef679a738f3e1abe20bc2d9dc815523ecd62bf7e646d90d068f16763a	assets/pokemon-animation-cards/rc31-birds-original-origin-root-reviewed/dex-144__form-00__gender-none__palette-normal__admission.json	verified-render
144	articuno	base	none	shiny	assets/pokemon-animation-cards/rc31-birds-original-origin-root-reviewed/dex-144__form-00__gender-none__palette-shiny__idle-8x4.png	assets/pokemon-animation-cards/rc31-birds-original-origin-root-reviewed/dex-144__form-00__gender-none__palette-shiny__walk-8x4.png	assets/pokemon-animation-cards/rc31-birds-original-origin-root-reviewed/dex-144__form-00__gender-none__palette-shiny__runtime.png	rc31-rectangle-qa-v1:pm0144_00:00:none:shiny	8	1.3333333730697632	8	0.6666666865348816	384	256	15	48	368	209	192	209.0544605080513	64.25601763016694	15	16	fa172d0e9d260c8176226af5da01e3ef8784dad2ff079f5664ec3f7f110e681f	911c0c811c6ee8148d8ccc8e7c8591b2283190f9c22b519ff650065b61cfe18b	c77a65b8d72f242cbdad41b964dee97db0d0b2af9cee3674f40b5992a247063a	assets/pokemon-animation-cards/rc31-birds-original-origin-root-reviewed/dex-144__form-00__gender-none__palette-shiny__admission.json	verified-render
145	zapdos	base	none	normal	assets/pokemon-animation-cards/rc31-birds-original-origin-root-reviewed/dex-145__form-00__gender-none__palette-normal__idle-8x4.png	assets/pokemon-animation-cards/rc31-birds-original-origin-root-reviewed/dex-145__form-00__gender-none__palette-normal__walk-8x4.png	assets/pokemon-animation-cards/rc31-birds-original-origin-root-reviewed/dex-145__form-00__gender-none__palette-normal__runtime.png	rc31-original-trs-v1:pm0145_00:00:none:normal	8	1	8	0.7000000476837158	256	256	19	25	236	233	128	235.1222424332858	103.92618887453031	15	16	77cd57ddca0d8deef7246f5630d272c5898a5d6b1e9564429f1133aea38b8bca	8bb2e0d0f26ae244c27d30611e20a6f04bc92abbef0bba3f9139510e004c88cd	f4900cfae75a21cdba6d421763f8afc4e377af85ac5e2d9d7b6cb4c04c7822a0	assets/pokemon-animation-cards/rc31-birds-original-origin-root-reviewed/dex-145__form-00__gender-none__palette-normal__admission.json	verified-render
145	zapdos	base	none	shiny	assets/pokemon-animation-cards/rc31-birds-original-origin-root-reviewed/dex-145__form-00__gender-none__palette-shiny__idle-8x4.png	assets/pokemon-animation-cards/rc31-birds-original-origin-root-reviewed/dex-145__form-00__gender-none__palette-shiny__walk-8x4.png	assets/pokemon-animation-cards/rc31-birds-original-origin-root-reviewed/dex-145__form-00__gender-none__palette-shiny__runtime.png	rc31-original-trs-v1:pm0145_00:00:none:shiny	8	1	8	0.7000000476837158	256	256	19	25	236	233	128	235.1222424332858	103.92618887453031	15	16	d560e4922a1b4775a41b3d3c48a3fa81a4ffeaedca44f13422974b470cfd1298	da9b940342a05b3ab7d0a5aa722309a482b418fd57e9761a1746b6d53b8bd10c	cad3e874b6361ee1b475b2d47a9b06b68a2b6714b36cae8fb8800ac28ba200b8	assets/pokemon-animation-cards/rc31-birds-original-origin-root-reviewed/dex-145__form-00__gender-none__palette-shiny__admission.json	verified-render
130	gyarados	base	none	normal	assets/pokemon-animation-cards/rc31-wide-body-root-reviewed/dex-130__form-00__gender-none__palette-normal__idle-8x4.png	assets/pokemon-animation-cards/rc31-wide-body-root-reviewed/dex-130__form-00__gender-none__palette-normal__walk-8x4.png	assets/pokemon-animation-cards/rc31-wide-body-root-reviewed/dex-130__form-00__gender-none__palette-normal__runtime.png	rc31-original-wide-v1:pm0130_00:00:none:normal	8	2	8	2	384	256	27	41	357	218	192	203.36527000832075	123	15	16	97cd662671edccb06df9f666752475349264adc250b3125abb746c492f974399	6681b6119e87736ec933bc7e2552ad0d5db16deb3a00404e6b879d25e08d2438	7dc10a626d07399f3acaadf944cfbfad35d162eae924b3390f9bc0e2acc9bec3	assets/pokemon-animation-cards/rc31-wide-body-root-reviewed/dex-130__form-00__gender-none__palette-normal__admission.json	verified-render
130	gyarados	base	none	shiny	assets/pokemon-animation-cards/rc31-wide-body-root-reviewed/dex-130__form-00__gender-none__palette-shiny__idle-8x4.png	assets/pokemon-animation-cards/rc31-wide-body-root-reviewed/dex-130__form-00__gender-none__palette-shiny__walk-8x4.png	assets/pokemon-animation-cards/rc31-wide-body-root-reviewed/dex-130__form-00__gender-none__palette-shiny__runtime.png	rc31-original-wide-v1:pm0130_00:00:none:shiny	8	2	8	2	384	256	27	41	357	218	192	203.36527000832075	123	15	16	1c8c622c2454137614d0757463aff0fa0af3d696515f08e135c71dc0d3648d7a	c4fb4f60493ae4b8e3a7786ab369ce0b65cebbfe51dc0d41d70e72020ae84d25	e2fca2d0e20d8aa85c14ce38ea9045e26e26cbac2de997aea391e38a144ad07c	assets/pokemon-animation-cards/rc31-wide-body-root-reviewed/dex-130__form-00__gender-none__palette-shiny__admission.json	verified-render
147	dratini	base	none	normal	assets/pokemon-animation-cards/rc31-wide-body-root-reviewed/dex-147__form-00__gender-none__palette-normal__idle-8x4.png	assets/pokemon-animation-cards/rc31-wide-body-root-reviewed/dex-147__form-00__gender-none__palette-normal__walk-8x4.png	assets/pokemon-animation-cards/rc31-wide-body-root-reviewed/dex-147__form-00__gender-none__palette-normal__runtime.png	rc31-original-wide-v1:pm0147_00:00:none:normal	8	1.6000001430511475	8	1.6000001430511475	384	256	47	16	337	236	192	225.35185024884845	137.8125	15	16	6eff349f71dc6900ad1163eabf68a9b035d0dfdc471820ab50caa32667a2d4a1	69ad5820a4be5834c6ab8201851d3fa5f2a8d9a043b2d39bbaffff1724412b76	26cc58f8d178cbc588a546062cfff0d3ad75686ed617f531956e67cf1c72281d	assets/pokemon-animation-cards/rc31-wide-body-root-reviewed/dex-147__form-00__gender-none__palette-normal__admission.json	verified-render
147	dratini	base	none	shiny	assets/pokemon-animation-cards/rc31-wide-body-root-reviewed/dex-147__form-00__gender-none__palette-shiny__idle-8x4.png	assets/pokemon-animation-cards/rc31-wide-body-root-reviewed/dex-147__form-00__gender-none__palette-shiny__walk-8x4.png	assets/pokemon-animation-cards/rc31-wide-body-root-reviewed/dex-147__form-00__gender-none__palette-shiny__runtime.png	rc31-original-wide-v1:pm0147_00:00:none:shiny	8	1.6000001430511475	8	1.6000001430511475	384	256	47	16	337	236	192	225.35185024884845	137.8125	15	16	d9ef312e95a80b5cae9f91c4f12bb12a1e2671fb9775382dd2c098440eabdbc1	c5c2efac4831f31a33fcb3392046042f624e30e367169ae8db9f3c0416999b94	aef7467a96449cfee504ef8dc57122c8b3b60007363cd6ef2732f507017280c8	assets/pokemon-animation-cards/rc31-wide-body-root-reviewed/dex-147__form-00__gender-none__palette-shiny__admission.json	verified-render
148	dragonair	base	none	normal	assets/pokemon-animation-cards/rc31-wide-body-root-reviewed/dex-148__form-00__gender-none__palette-normal__idle-8x4.png	assets/pokemon-animation-cards/rc31-wide-body-root-reviewed/dex-148__form-00__gender-none__palette-normal__walk-8x4.png	assets/pokemon-animation-cards/rc31-wide-body-root-reviewed/dex-148__form-00__gender-none__palette-normal__runtime.png	rc31-original-wide-v1:pm0148_00:00:none:normal	8	2	8	2	384	256	15	44	369	210	192	200.69673338585915	143.03571428571428	13	16	256d0a2e8c2b087082d08a22c5ac70115c0f1fbf86316db6b5c996622457c4ec	81ee7780318b04a496aac9fe1f76774d67553cfdae6e2dc2335f018f49283698	c04ca45cb5401d542f3d78d8c3b831e930eaf62c86718c890c42ed5e42368239	assets/pokemon-animation-cards/rc31-wide-body-root-reviewed/dex-148__form-00__gender-none__palette-normal__admission.json	verified-render
148	dragonair	base	none	shiny	assets/pokemon-animation-cards/rc31-wide-body-root-reviewed/dex-148__form-00__gender-none__palette-shiny__idle-8x4.png	assets/pokemon-animation-cards/rc31-wide-body-root-reviewed/dex-148__form-00__gender-none__palette-shiny__walk-8x4.png	assets/pokemon-animation-cards/rc31-wide-body-root-reviewed/dex-148__form-00__gender-none__palette-shiny__runtime.png	rc31-original-wide-v1:pm0148_00:00:none:shiny	8	2	8	2	384	256	15	44	369	210	192	200.69673338585915	143.03571428571428	13	16	ff83553006eaa3dd4a98b238ab5c8722c7682ef049d0de04fd222ed19bb908c2	b0ab71968b064256530a8b36dee05f567a38eb231b9f221d16c000bf34d05851	5b24b65012885e9137f22ddc9be5db8e6d3f074127a370744109b61f74245eab	assets/pokemon-animation-cards/rc31-wide-body-root-reviewed/dex-148__form-00__gender-none__palette-shiny__admission.json	verified-render
150	mewtwo	base	none	normal	assets/pokemon-animation-cards/rc31-wide-body-root-reviewed/dex-150__form-00__gender-none__palette-normal__idle-8x4.png	assets/pokemon-animation-cards/rc31-wide-body-root-reviewed/dex-150__form-00__gender-none__palette-normal__walk-8x4.png	assets/pokemon-animation-cards/rc31-wide-body-root-reviewed/dex-150__form-00__gender-none__palette-normal__runtime.png	rc31-original-wide-v1:pm0150_00:00:none:normal	8	3.000000238418579	8	1.5000001192092896	384	256	27	57	357	195	192	182.78509870023942	104.55128294271285	15	16	2de34ad3217bc8a99ed7b04393a926ab93f02c945e7adea61e3f583cc1daf544	ce22fa6f71eb7772e69d2401ccb9bf5be4b98edd4e911952594eed8d94cf97fe	3cd83118191bc510802e58286f8d01a9adad213509f7a2764f85d70a2f924fe1	assets/pokemon-animation-cards/rc31-wide-body-root-reviewed/dex-150__form-00__gender-none__palette-normal__admission.json	verified-render
150	mewtwo	base	none	shiny	assets/pokemon-animation-cards/rc31-wide-body-root-reviewed/dex-150__form-00__gender-none__palette-shiny__idle-8x4.png	assets/pokemon-animation-cards/rc31-wide-body-root-reviewed/dex-150__form-00__gender-none__palette-shiny__walk-8x4.png	assets/pokemon-animation-cards/rc31-wide-body-root-reviewed/dex-150__form-00__gender-none__palette-shiny__runtime.png	rc31-original-wide-v1:pm0150_00:00:none:shiny	8	3.000000238418579	8	1.5000001192092896	384	256	27	57	357	195	192	182.78509870023942	104.55128294271285	15	16	62408564a409b36bcf02eef9a2be73480a61b0fec828427f92351983e0c7f9e7	32c74144d66643119c549b1e909018b4773112c4249b85b0d0c5c39112893582	eca390ac729b525ee7b700921135fd2cdc8529eaf5c1109d9f6a4bd4bf8a3671	assets/pokemon-animation-cards/rc31-wide-body-root-reviewed/dex-150__form-00__gender-none__palette-shiny__admission.json	verified-render
151	mew	base	none	normal	assets/pokemon-animation-cards/rc31-wide-body-root-reviewed/dex-151__form-00__gender-none__palette-normal__idle-8x4.png	assets/pokemon-animation-cards/rc31-wide-body-root-reviewed/dex-151__form-00__gender-none__palette-normal__walk-8x4.png	assets/pokemon-animation-cards/rc31-wide-body-root-reviewed/dex-151__form-00__gender-none__palette-normal__runtime.png	rc31-original-wide-v1:pm0151_00:00:none:normal	8	1.6666667461395264	8	1	384	256	27	14	357	237	192	245.7123395338661	109.72489242874856	15	16	adcd4747ae5a4d3768df568a9aa09f845270c9b4c029d226ea378b6b0cf24443	30b9d43cdd84bdaf7bb0755d3b7a1a0502f10b8e16e1f90f816dd7bf85c1880d	0ac589f127b4f4289fe4a367978823e87634abc69167682f299ad4271a3e3054	assets/pokemon-animation-cards/rc31-wide-body-root-reviewed/dex-151__form-00__gender-none__palette-normal__admission.json	verified-render
151	mew	base	none	shiny	assets/pokemon-animation-cards/rc31-wide-body-root-reviewed/dex-151__form-00__gender-none__palette-shiny__idle-8x4.png	assets/pokemon-animation-cards/rc31-wide-body-root-reviewed/dex-151__form-00__gender-none__palette-shiny__walk-8x4.png	assets/pokemon-animation-cards/rc31-wide-body-root-reviewed/dex-151__form-00__gender-none__palette-shiny__runtime.png	rc31-original-wide-v1:pm0151_00:00:none:shiny	8	1.6666667461395264	8	1	384	256	27	14	357	237	192	245.7123395338661	109.72489242874856	15	16	d22e8c0393fff85f74254856aac2890d7803afb93b5451b53807ad21ff214a7c	5f602b673933def75370bed204bcc82edc77ce3ae0397d5be0e03dffd2d07be5	004cb4827baf24a705f2e8b8611f641acef11b70e10e53b20c69ba0067a3c6cf	assets/pokemon-animation-cards/rc31-wide-body-root-reviewed/dex-151__form-00__gender-none__palette-shiny__admission.json	verified-render
23	ekans	base	none	normal	assets/pokemon-animation-cards/rc31-ekans-wide-body-v1/dex-023__form-00__gender-none__palette-normal__idle-8x4.png	assets/pokemon-animation-cards/rc31-ekans-wide-body-v1/dex-023__form-00__gender-none__palette-normal__walk-8x4.png	assets/pokemon-animation-cards/rc31-ekans-wide-body-v1/dex-023__form-00__gender-none__palette-normal__runtime.png	rc31-original-trs-ekans-wide-body-v1:pm0023_00:00:none:normal	8	1.6000001430511475	8	1.3333333730697632	512	256	9	70	503	184	256	155.08767277636412	76.72787115255784	15	13	2114c1408917ab8039325d75d28bf8de27d7d8915ec78860a8d8dbf696e4da2e	5617ff74baf8e371229b7cad14da45bcea2cdfc50734ae2ffc4d439b6c90d794	8296f9f6be1258655c509eec54c06b1845811504e7e2a2ecb49891bc642d2f79	assets/pokemon-animation-cards/rc31-ekans-wide-body-v1/dex-023__form-00__gender-none__palette-normal__admission.json	verified-render
23	ekans	base	none	shiny	assets/pokemon-animation-cards/rc31-ekans-wide-body-v1/dex-023__form-00__gender-none__palette-shiny__idle-8x4.png	assets/pokemon-animation-cards/rc31-ekans-wide-body-v1/dex-023__form-00__gender-none__palette-shiny__walk-8x4.png	assets/pokemon-animation-cards/rc31-ekans-wide-body-v1/dex-023__form-00__gender-none__palette-shiny__runtime.png	rc31-original-trs-ekans-wide-body-v1:pm0023_00:00:none:shiny	8	1.6000001430511475	8	1.3333333730697632	512	256	9	70	503	184	256	155.08767277636412	76.72787115255784	15	13	e63714c9da512a5fb81134e082cf32854988bd7652ecc52e017e48a1ebbbb414	a619d00ab264978390ef832c4388c706792e924393a2507a1fa9a4ee199c8ba9	39b95e511214a4eb27018764b8510c0afbfae5889af3fb44680a428576c6995c	assets/pokemon-animation-cards/rc31-ekans-wide-body-v1/dex-023__form-00__gender-none__palette-shiny__admission.json	verified-render
89	muk	base	none	normal	assets/pokemon-animation-cards/muk-source-body-v2/dex-089__form-00__gender-none__palette-normal__idle-8x4.png	assets/pokemon-animation-cards/muk-source-body-v2/dex-089__form-00__gender-none__palette-normal__walk-8x4.png	assets/pokemon-animation-cards/muk-source-body-v2/dex-089__form-00__gender-none__palette-normal__runtime.png	rc31-original-trs-muk-source-body-v2:pm0089_00:00:none:normal	8	2.6666667461395264	8	1	256	256	17	75	239	183	128	168.7782899778759	65.44969413404053	15	11	e55d5cd37035b9bc161bb62fc5ad4bccb0493140dd327b0a54289e508a9bf35c	f9148dfe20f5983bc84df699fef9bb884479de56fac073788bde72f9022bf66e	e447d71cdc3f12082aa57450bafd61c79a2a281ee2f52b27827138dc0f6f5c1a	assets/pokemon-animation-cards/muk-source-body-v2/dex-089__form-00__gender-none__palette-normal__admission.json	verified-render
89	muk	base	none	shiny	assets/pokemon-animation-cards/muk-source-body-v2/dex-089__form-00__gender-none__palette-shiny__idle-8x4.png	assets/pokemon-animation-cards/muk-source-body-v2/dex-089__form-00__gender-none__palette-shiny__walk-8x4.png	assets/pokemon-animation-cards/muk-source-body-v2/dex-089__form-00__gender-none__palette-shiny__runtime.png	rc31-original-trs-muk-source-body-v2:pm0089_00:00:none:shiny	8	2.6666667461395264	8	1	256	256	17	75	239	183	128	168.7782899778759	65.44969413404053	15	11	45070286ab36ba1a206296e14bba25a7a6cc7ffee5b97b71f219596171534d35	a04db5ba6f2fda9d8c0a7dbe07c96c6891bcc7edc4d598c6d47e2f3fded523cd	5a99359247431f7a1d8bfa7e85b763b209040a3d3a87a8ba04b33e451645606d	assets/pokemon-animation-cards/muk-source-body-v2/dex-089__form-00__gender-none__palette-shiny__admission.json	verified-render
100	voltorb	base	none	normal	assets/pokemon-animation-cards/voltorb-original-color-v2/dex-100__form-00__gender-none__palette-normal__idle-8x4.png	assets/pokemon-animation-cards/voltorb-original-color-v2/dex-100__form-00__gender-none__palette-normal__walk-8x4.png	assets/pokemon-animation-cards/voltorb-original-color-v2/dex-100__form-00__gender-none__palette-normal__runtime.png	rc31-original-trs-exact-absent-body-v1:pm0100_00:00:none:normal	8	2	8	1.0000001192092896	256	256	17	29	239	227	128	223.4853192694485	191.88000503079405	15	15	9ffad7543f43dbe1e3e820ba2c9e72b56934dcb0c6ef5eef06bba2e1e7926967	72afbc2b827fd89c1ff571afd7ea737ae14dfc05643785dd8fbee34e45d1ac52	23c549dc541dcc935b7c8b6d45fb821f261f78bc0b0167f61af840dcdec909e0	assets/pokemon-animation-cards/voltorb-original-color-v2/dex-100__form-00__gender-none__palette-normal__admission.json	verified-render
100	voltorb	base	none	shiny	assets/pokemon-animation-cards/voltorb-original-color-v2/dex-100__form-00__gender-none__palette-shiny__idle-8x4.png	assets/pokemon-animation-cards/voltorb-original-color-v2/dex-100__form-00__gender-none__palette-shiny__walk-8x4.png	assets/pokemon-animation-cards/voltorb-original-color-v2/dex-100__form-00__gender-none__palette-shiny__runtime.png	rc31-original-trs-exact-absent-body-v1:pm0100_00:00:none:shiny	8	2	8	1.0000001192092896	256	256	17	29	239	227	128	223.4853192694485	191.88000503079405	15	15	57517b5489ba52c38167f76994cb433698e75d9fe8b1631800e85cc835214fb3	fc23e297ff683b591be6f49a3b269901e6dae79d9092edf7af3f091285276380	5121005e5569b61276e829b7cb9d8c89b27fa1243eec3bc7928b23e0bffa160c	assets/pokemon-animation-cards/voltorb-original-color-v2/dex-100__form-00__gender-none__palette-shiny__admission.json	verified-render
126	magmar	base	none	normal	assets/pokemon-animation-cards/rc31-magmar-original-rig/dex-126__form-00__gender-none__palette-normal__idle-8x4.png	assets/pokemon-animation-cards/rc31-magmar-original-rig/dex-126__form-00__gender-none__palette-normal__walk-8x4.png	assets/pokemon-animation-cards/rc31-magmar-original-rig/dex-126__form-00__gender-none__palette-normal__runtime.png	rc31-original-rig-body-v1:pm0126_00:00:none:normal	8	2	8	1	256	256	24	67	232	196	128	185.84918914498746	104.69074369636151	15	16	8c34e60e0bf1910af98bca98419752dfabfc3fa19dc88c026954a87928d31497	a4996b3c0ea6d5f7bbbc8903f83942d5fb36f1b09ede73da86957b5c380db0d5	1aeef7effb838fa89c8c2b1aa8ec44571df076b9c40349005c13669527063cfc	assets/pokemon-animation-cards/rc31-magmar-original-rig/dex-126__form-00__gender-none__palette-normal__admission.json	verified-render
126	magmar	base	none	shiny	assets/pokemon-animation-cards/rc31-magmar-original-rig/dex-126__form-00__gender-none__palette-shiny__idle-8x4.png	assets/pokemon-animation-cards/rc31-magmar-original-rig/dex-126__form-00__gender-none__palette-shiny__walk-8x4.png	assets/pokemon-animation-cards/rc31-magmar-original-rig/dex-126__form-00__gender-none__palette-shiny__runtime.png	rc31-original-rig-body-v1:pm0126_00:00:none:shiny	8	2	8	1	256	256	24	67	232	196	128	185.84918914498746	104.69074369636151	15	16	29bd95a37263a1e9f422bec985ce25ab6f998c777b7c5483b9948bc3ce8adad1	10256c3ba1931943e17b54e1f18f57f768b388f45153e206f8b7ff308be79aed	f44edbf5b7116757668f840d914afd44f2e68bb34b6182bfbdfcb2b1d5ecb31a	assets/pokemon-animation-cards/rc31-magmar-original-rig/dex-126__form-00__gender-none__palette-shiny__admission.json	verified-render
39	jigglypuff	base	none	normal	assets/pokemon-animation-cards/rc31-source-absent-four-body-v1/dex-039__form-00__gender-none__palette-normal__idle-8x4.png	assets/pokemon-animation-cards/rc31-source-absent-four-body-v1/dex-039__form-00__gender-none__palette-normal__walk-8x4.png	assets/pokemon-animation-cards/rc31-source-absent-four-body-v1/dex-039__form-00__gender-none__palette-normal__runtime.png	rc31-source-absent-body-v1:pm0039_00:00:none:normal	8	1.6666667461395264	8	1	256	256	17	24	239	231	128	219.55294924280454	176.38979118446292	15	16	69c26ffd8fcead90e90e25eec6adfa2614d28e82370ff3d26c1af72a4ad5533e	9062853bc25fd238914f4215fe7bb3bbde4280579a58917488758c9b3140b3f8	d50011c4dfe65e820b743751bc6d88340078d4286353e062f787d417ff56b3e3	assets/pokemon-animation-cards/rc31-source-absent-four-body-v1/dex-039__form-00__gender-none__palette-normal__admission.json	verified-render
39	jigglypuff	base	none	shiny	assets/pokemon-animation-cards/rc31-source-absent-four-body-v1/dex-039__form-00__gender-none__palette-shiny__idle-8x4.png	assets/pokemon-animation-cards/rc31-source-absent-four-body-v1/dex-039__form-00__gender-none__palette-shiny__walk-8x4.png	assets/pokemon-animation-cards/rc31-source-absent-four-body-v1/dex-039__form-00__gender-none__palette-shiny__runtime.png	rc31-source-absent-body-v1:pm0039_00:00:none:shiny	8	1.6666667461395264	8	1	256	256	17	24	239	231	128	219.55294924280454	176.38979118446292	15	16	e1100b4f1f1b65f83ff87513773250345887a66a14517febc62e2b5cc9b3b99f	6631307c71cad4902a7854545f3a482146aebada5b5f90d0e666e18311b92b6a	cabad0fd21127ce976861ccf875cf3fb30a7e913f7aec358ed3a82b9802982d0	assets/pokemon-animation-cards/rc31-source-absent-four-body-v1/dex-039__form-00__gender-none__palette-shiny__admission.json	verified-render
40	wigglytuff	base	none	normal	assets/pokemon-animation-cards/rc31-source-absent-four-body-v1/dex-040__form-00__gender-none__palette-normal__idle-8x4.png	assets/pokemon-animation-cards/rc31-source-absent-four-body-v1/dex-040__form-00__gender-none__palette-normal__walk-8x4.png	assets/pokemon-animation-cards/rc31-source-absent-four-body-v1/dex-040__form-00__gender-none__palette-normal__runtime.png	rc31-source-absent-body-v1:pm0040_00:00:none:normal	8	2	8	1.0666667222976685	256	256	17	37	239	219	128	210.1754710511634	166.84472480832824	15	16	c4c84dce303614af5fc6e435f824c413830311da23a9e4cdf58446bda8a8bb99	b886ae193d60d342de734b17063b210bb6b650cfcdad060c71096942f909b387	ce419e21be8126d5f61f3aa0a1547cb5830685fa072335833f34b1d72b96ce10	assets/pokemon-animation-cards/rc31-source-absent-four-body-v1/dex-040__form-00__gender-none__palette-normal__admission.json	verified-render
40	wigglytuff	base	none	shiny	assets/pokemon-animation-cards/rc31-source-absent-four-body-v1/dex-040__form-00__gender-none__palette-shiny__idle-8x4.png	assets/pokemon-animation-cards/rc31-source-absent-four-body-v1/dex-040__form-00__gender-none__palette-shiny__walk-8x4.png	assets/pokemon-animation-cards/rc31-source-absent-four-body-v1/dex-040__form-00__gender-none__palette-shiny__runtime.png	rc31-source-absent-body-v1:pm0040_00:00:none:shiny	8	2	8	1.0666667222976685	256	256	17	37	239	219	128	210.1754710511634	166.84472480832824	15	16	73f9076a8a132967d9734de55c55c7b8b01314f97cc8a94251784d56b767efc9	5551ce0008fb0e9b043d34482a50be4aa9f629b6da6f70c1c73d635e7f35ee38	c7c23555423173e4974102cfc87f8b766df71a869d3aee46e5e804863e67d3b6	assets/pokemon-animation-cards/rc31-source-absent-four-body-v1/dex-040__form-00__gender-none__palette-shiny__admission.json	verified-render
43	oddish	base	none	normal	assets/pokemon-animation-cards/rc31-source-absent-four-body-v1/dex-043__form-00__gender-none__palette-normal__idle-8x4.png	assets/pokemon-animation-cards/rc31-source-absent-four-body-v1/dex-043__form-00__gender-none__palette-normal__walk-8x4.png	assets/pokemon-animation-cards/rc31-source-absent-four-body-v1/dex-043__form-00__gender-none__palette-normal__runtime.png	rc31-source-absent-body-v1:pm0043_00:00:none:normal	8	1.6666667461395264	8	1	256	256	17	42	239	215	128	207.85816143411924	75.62730260190125	15	16	443dfcaf71ee968c9497a88bde71422ecd8ea648a793f36b10a1a6eb407ae12d	9a46070cf9764a57659292eb25c89664c7bc78239307720cfbc038e1e245a88b	8a03ea8e59b448e2f5bd45ddbec3d96aced55e913599901f6247b1d72bce4947	assets/pokemon-animation-cards/rc31-source-absent-four-body-v1/dex-043__form-00__gender-none__palette-normal__admission.json	verified-render
43	oddish	base	none	shiny	assets/pokemon-animation-cards/rc31-source-absent-four-body-v1/dex-043__form-00__gender-none__palette-shiny__idle-8x4.png	assets/pokemon-animation-cards/rc31-source-absent-four-body-v1/dex-043__form-00__gender-none__palette-shiny__walk-8x4.png	assets/pokemon-animation-cards/rc31-source-absent-four-body-v1/dex-043__form-00__gender-none__palette-shiny__runtime.png	rc31-source-absent-body-v1:pm0043_00:00:none:shiny	8	1.6666667461395264	8	1	256	256	17	42	239	215	128	207.85816143411924	75.62730260190125	15	16	62e873ccb4462dcf7922d273790f7912e2eb89a6ab0aa4ff72f09c2261fc4c28	1f379d711fb8f2cf13be9d488ecad04b01dc60b3fc4c2a21ea2638d640578290	25671501c3f84face293a44b367f112f09135e3d535077118f7ad54e274ccb73	assets/pokemon-animation-cards/rc31-source-absent-four-body-v1/dex-043__form-00__gender-none__palette-shiny__admission.json	verified-render
50	diglett	base	none	normal	assets/pokemon-animation-cards/rc31-source-absent-four-body-v1/dex-050__form-00__gender-none__palette-normal__idle-8x4.png	assets/pokemon-animation-cards/rc31-source-absent-four-body-v1/dex-050__form-00__gender-none__palette-normal__walk-8x4.png	assets/pokemon-animation-cards/rc31-source-absent-four-body-v1/dex-050__form-00__gender-none__palette-normal__runtime.png	rc31-source-absent-body-v1:pm0050_00:00:none:normal	8	1.3333333730697632	8	1	256	256	17	51	239	217	128	201.29120206840446	159.2351167591062	15	12	250a47da8fb596253b6f61e1db78be9f4158e4b17cca366bfc0d297148cd9f46	06d266fbfdcf8445b1c750262b68c8a765967dc5d76b499b122af0a51d7dcf9a	f4ec3f0a3b365185b986ce91f1a45442e717e42f5b3182aecd3e0b2413d84ce4	assets/pokemon-animation-cards/rc31-source-absent-four-body-v1/dex-050__form-00__gender-none__palette-normal__admission.json	verified-render
50	diglett	base	none	shiny	assets/pokemon-animation-cards/rc31-source-absent-four-body-v1/dex-050__form-00__gender-none__palette-shiny__idle-8x4.png	assets/pokemon-animation-cards/rc31-source-absent-four-body-v1/dex-050__form-00__gender-none__palette-shiny__walk-8x4.png	assets/pokemon-animation-cards/rc31-source-absent-four-body-v1/dex-050__form-00__gender-none__palette-shiny__runtime.png	rc31-source-absent-body-v1:pm0050_00:00:none:shiny	8	1.3333333730697632	8	1	256	256	17	51	239	217	128	201.29120206840446	159.2351167591062	15	12	1689ca25bd748d128d685dd0edb6ca02ae0e0d716397d0bd66c08b1bf73f0687	5bebeac55ea7ccc995c1555663a1847966e49dafe8cd47929c61906eac816569	e64e05c9f7f42ee173aac1dae10ccee6d89f86327605ea3e5bb8151524eedfdd	assets/pokemon-animation-cards/rc31-source-absent-four-body-v1/dex-050__form-00__gender-none__palette-shiny__admission.json	verified-render
92	gastly	base	none	normal	assets/pokemon-animation-cards/rc31-gastly-original-gas-body-v1/dex-092__form-00__gender-none__palette-normal__idle-8x4.png	assets/pokemon-animation-cards/rc31-gastly-original-gas-body-v1/dex-092__form-00__gender-none__palette-normal__walk-8x4.png	assets/pokemon-animation-cards/rc31-gastly-original-gas-body-v1/dex-092__form-00__gender-none__palette-normal__runtime.png	rc31-original-trs-gastly-world-gas-body-v1:pm0092_00:00:none:normal	8	2.133333444595337	8	2	256	256	41	36	216	221	128	231.20587401008265	66.80442418152757	15	16	66e7a91733b367302be6b74584897700c9c943ef30614c3e69c7efee990c4d1a	352547945fa09da7b57503e79323c8f58066dc66f33be52af1758ede3940e18b	acdff86d71e718f2d10821a0ec204b553d4f622679bad9e025799fd199a65c35	assets/pokemon-animation-cards/rc31-gastly-original-gas-body-v1/dex-092__form-00__gender-none__palette-normal__admission.json	verified-render
92	gastly	base	none	shiny	assets/pokemon-animation-cards/rc31-gastly-original-gas-body-v1/dex-092__form-00__gender-none__palette-shiny__idle-8x4.png	assets/pokemon-animation-cards/rc31-gastly-original-gas-body-v1/dex-092__form-00__gender-none__palette-shiny__walk-8x4.png	assets/pokemon-animation-cards/rc31-gastly-original-gas-body-v1/dex-092__form-00__gender-none__palette-shiny__runtime.png	rc31-original-trs-gastly-world-gas-body-v1:pm0092_00:00:none:shiny	8	2.133333444595337	8	2	256	256	41	36	216	221	128	231.20587401008265	66.80442418152757	15	16	83a418bd7b48e4886645a6b4550cd0cf7bbc8bb32ffead40ccd23f4f6397799c	bf4b29e41614612ab2e8069bf00e3e4c58ac263194c65e9dcda8d05f522c19bb	2e0402adc73183f023edfc5efa3f10b36f6a2902663e59f5adc0cc8d0c50ab2b	assets/pokemon-animation-cards/rc31-gastly-original-gas-body-v1/dex-092__form-00__gender-none__palette-shiny__admission.json	verified-render
42	golbat	base	none	normal	assets/pokemon-animation-cards/rc31-golbat-source-default-v1/dex-042__form-00__gender-none__palette-normal__idle-16x4.png	assets/pokemon-animation-cards/rc31-golbat-source-default-v1/dex-042__form-00__gender-none__palette-normal__walk-16x4.png	assets/pokemon-animation-cards/rc31-golbat-source-default-v1/dex-042__form-00__gender-none__palette-normal__runtime.png	rc31-original-golbat16-source-default-v1:pm0042_00:00:none:normal	16	2	16	1.2000000476837158	256	256	17	34	239	222	128	224.15691146658958	57.617986462422564	15	16	2b7089acccc7cf74639f6bde5440e0cb5da7f77a9595071475f6eb1f7c00a35b	32cb5f63acb3f67d6789f50742f20c2f3c34478f78abd573f790fa06e56ca8a3	90dd3c7a7e66dea740e9ff85073c4ca3881f0e901f88e903cb7376a33b35bf72	assets/pokemon-animation-cards/rc31-golbat-source-default-v1/dex-042__form-00__gender-none__palette-normal__admission.json	verified-render
42	golbat	base	none	shiny	assets/pokemon-animation-cards/rc31-golbat-source-default-v1/dex-042__form-00__gender-none__palette-shiny__idle-16x4.png	assets/pokemon-animation-cards/rc31-golbat-source-default-v1/dex-042__form-00__gender-none__palette-shiny__walk-16x4.png	assets/pokemon-animation-cards/rc31-golbat-source-default-v1/dex-042__form-00__gender-none__palette-shiny__runtime.png	rc31-original-golbat16-source-default-v1:pm0042_00:00:none:shiny	16	2	16	1.2000000476837158	256	256	17	34	239	222	128	224.15691146658958	57.617986462422564	15	16	d30cc937f8a3d0b47544d3ea43642939bff7d8d9fd83bfc19c05cd07fff70e76	2fb7f21cf71c2596dec91e26ec1c73c65d8ed20a41d3622d5fc0aa5fed6239cd	b50bf511421e48999af6c16a7502ac0f1d2b8a47e7a98e6b4fe1ca34b5eb79ae	assets/pokemon-animation-cards/rc31-golbat-source-default-v1/dex-042__form-00__gender-none__palette-shiny__admission.json	verified-render
111	rhyhorn	base	none	normal	assets/pokemon-animation-cards/rc31-g2-default-111-112-123/dex-111__form-00__gender-none__palette-normal__idle-8x4.png	assets/pokemon-animation-cards/rc31-g2-default-111-112-123/dex-111__form-00__gender-none__palette-normal__walk-8x4.png	assets/pokemon-animation-cards/rc31-g2-default-111-112-123/dex-111__form-00__gender-none__palette-normal__runtime.png	rc31-original-g2-default-body-v1:pm0111_00:00:none:normal	8	2.4000000953674316	8	1	256	256	17	64	239	199	128	187.05279371278735	127.230011297071	15	15	480456caac6ab518dca7bf74c9b26f7efd96a1e41604a7954168e3a95283da62	93e64f4848f945fde7c0c90927f573d84a2eed7cb3aeb6923cc5096f12e755a3	19489fa44299356f034a927ce3acd14dd91884e6cc45977928f906ad0c662e23	assets/pokemon-animation-cards/rc31-g2-default-111-112-123/dex-111__form-00__gender-none__palette-normal__admission.json	verified-render
111	rhyhorn	base	none	shiny	assets/pokemon-animation-cards/rc31-g2-default-111-112-123/dex-111__form-00__gender-none__palette-shiny__idle-8x4.png	assets/pokemon-animation-cards/rc31-g2-default-111-112-123/dex-111__form-00__gender-none__palette-shiny__walk-8x4.png	assets/pokemon-animation-cards/rc31-g2-default-111-112-123/dex-111__form-00__gender-none__palette-shiny__runtime.png	rc31-original-g2-default-body-v1:pm0111_00:00:none:shiny	8	2.4000000953674316	8	1	256	256	17	64	239	199	128	187.05279371278735	127.230011297071	15	15	a1adc39298ccbe8380af21bf4f1adfdde1a506bcbfcd280cc2a72f384c2e2dd2	988eeb8926bde3699ee7cda8a580efbb971da842c9f096f5d961b50cd27c2cc6	6cb2f46bb80d99b2d532952001a66e3da9892d5a4a3894dd56e0f9a7032e7e74	assets/pokemon-animation-cards/rc31-g2-default-111-112-123/dex-111__form-00__gender-none__palette-shiny__admission.json	verified-render
112	rhydon	base	none	normal	assets/pokemon-animation-cards/rc31-g2-default-111-112-123/dex-112__form-00__gender-none__palette-normal__idle-8x4.png	assets/pokemon-animation-cards/rc31-g2-default-111-112-123/dex-112__form-00__gender-none__palette-normal__walk-8x4.png	assets/pokemon-animation-cards/rc31-g2-default-111-112-123/dex-112__form-00__gender-none__palette-normal__runtime.png	rc31-original-g2-default-body-v1:pm0112_00:00:none:normal	8	1.6000001430511475	8	1.6666667461395264	256	256	17	65	239	197	128	183.66272230184893	117.27708808443023	15	16	34c9a3e9c4db2e4409b483c14e87d97b9320dea8821dbbe002a84860485282b2	924d1fa2843323bb62795427e3841a162770f1243bc73c5badc5199234bce782	9114a6cd20e13e4c2040ed5adff2e9ce678d3ee63db81a45a2515cefe8a48c14	assets/pokemon-animation-cards/rc31-g2-default-111-112-123/dex-112__form-00__gender-none__palette-normal__admission.json	verified-render
112	rhydon	base	none	shiny	assets/pokemon-animation-cards/rc31-g2-default-111-112-123/dex-112__form-00__gender-none__palette-shiny__idle-8x4.png	assets/pokemon-animation-cards/rc31-g2-default-111-112-123/dex-112__form-00__gender-none__palette-shiny__walk-8x4.png	assets/pokemon-animation-cards/rc31-g2-default-111-112-123/dex-112__form-00__gender-none__palette-shiny__runtime.png	rc31-original-g2-default-body-v1:pm0112_00:00:none:shiny	8	1.6000001430511475	8	1.6666667461395264	256	256	17	65	239	197	128	183.66272230184893	117.27708808443023	15	16	2395cb7f9d70bcfdb5dcf25e899afdb42e8475c4a3704fe8b393b8d58e8aa490	2783d0d07cdefc7826cac121c349d32a40b26a16e7b08c8b906297e053aa1ec0	e66a7af1cc0bbae69ec912a9493753b8b9d8f4cab06691ce082f34a8c924c095	assets/pokemon-animation-cards/rc31-g2-default-111-112-123/dex-112__form-00__gender-none__palette-shiny__admission.json	verified-render
123	scyther	base	none	normal	assets/pokemon-animation-cards/rc31-g2-default-111-112-123/dex-123__form-00__gender-none__palette-normal__idle-8x4.png	assets/pokemon-animation-cards/rc31-g2-default-111-112-123/dex-123__form-00__gender-none__palette-normal__walk-8x4.png	assets/pokemon-animation-cards/rc31-g2-default-111-112-123/dex-123__form-00__gender-none__palette-normal__runtime.png	rc31-original-g2-default-body-v1:pm0123_00:00:none:normal	8	2	8	0.6666666865348816	256	256	26	24	229	230	128	248.68652980488164	139.08524644090846	13	16	893ab03df157ed76c631590d5188ed4085bc3595788bf58bd0a09e0f87f17560	30f3b13d3f46c19227c7a61fb1ad5b2f05b54dee4a780f5eef01e27d36057c68	f48955cfd9d4a670a1fb1c07588b273de6b677bee1885fabcc1f25c83913e1ad	assets/pokemon-animation-cards/rc31-g2-default-111-112-123/dex-123__form-00__gender-none__palette-normal__admission.json	verified-render
123	scyther	base	none	shiny	assets/pokemon-animation-cards/rc31-g2-default-111-112-123/dex-123__form-00__gender-none__palette-shiny__idle-8x4.png	assets/pokemon-animation-cards/rc31-g2-default-111-112-123/dex-123__form-00__gender-none__palette-shiny__walk-8x4.png	assets/pokemon-animation-cards/rc31-g2-default-111-112-123/dex-123__form-00__gender-none__palette-shiny__runtime.png	rc31-original-g2-default-body-v1:pm0123_00:00:none:shiny	8	2	8	0.6666666865348816	256	256	26	24	229	230	128	248.68652980488164	139.08524644090846	13	16	96f9279f74e6c5d649c3f88f6dc4e6b6ada9cb34466475f88d8f9c594e187a21	12c90bd1e26bb066cebae6feb0bfd3c78a65d96e6c56085705e7405d8072a0dd	1d0ae2b4136a7121b3c5c88638a69af182659c748bff617c9f9d8473b4c602db	assets/pokemon-animation-cards/rc31-g2-default-111-112-123/dex-123__form-00__gender-none__palette-shiny__admission.json	verified-render
136	flareon	base	none	normal	assets/pokemon-animation-cards/rc31-flareon-original-owner-rig/dex-136__form-00__gender-none__palette-normal__idle-8x4.png	assets/pokemon-animation-cards/rc31-flareon-original-owner-rig/dex-136__form-00__gender-none__palette-normal__walk-8x4.png	assets/pokemon-animation-cards/rc31-flareon-original-owner-rig/dex-136__form-00__gender-none__palette-normal__runtime.png	rc31-original-owner-rig-idle-tip-body-v1:pm0136_00:00:none:normal	8	1	8	0.8333333730697632	256	256	30	24	226	234	128	224.23337368283933	130.42046971971288	14	16	f72408b4ddb347f585cf1f9c21ace12f7b31146aa18538c21cb7fcc89895bb46	acfbf5c36d3f16a38c20de347787f69729cab52fbc3bea825af4663f0e4fe302	50063893088d999f8c8c617852c558be22312ed9f36a22c578127b23eb93de7e	assets/pokemon-animation-cards/rc31-flareon-original-owner-rig/dex-136__form-00__gender-none__palette-normal__admission.json	verified-render
136	flareon	base	none	shiny	assets/pokemon-animation-cards/rc31-flareon-original-owner-rig/dex-136__form-00__gender-none__palette-shiny__idle-8x4.png	assets/pokemon-animation-cards/rc31-flareon-original-owner-rig/dex-136__form-00__gender-none__palette-shiny__walk-8x4.png	assets/pokemon-animation-cards/rc31-flareon-original-owner-rig/dex-136__form-00__gender-none__palette-shiny__runtime.png	rc31-original-owner-rig-idle-tip-body-v1:pm0136_00:00:none:shiny	8	1	8	0.8333333730697632	256	256	30	24	226	234	128	224.23337368283933	130.42046971971288	14	16	8ef58a87e1f53ab744444e20dfe9106fa3de4202523f0c36f125d16a73203ff1	6df5ed02d3ccbfd619f28089126de0c3d8ee09a6a6d0b06a7ed4d6a4a07f9cc9	15c2c2692d99bc912e01f5e51112d7559eda5cd473124dd2b5375fefb3db84a1	assets/pokemon-animation-cards/rc31-flareon-original-owner-rig/dex-136__form-00__gender-none__palette-shiny__admission.json	verified-render
88	grimer	base	none	normal	assets/pokemon-animation-cards/kanto-grimer-native-body-v1/dex-088__form-00__gender-none__palette-normal__idle-8x4.png	assets/pokemon-animation-cards/kanto-grimer-native-body-v1/dex-088__form-00__gender-none__palette-normal__walk-8x4.png	assets/pokemon-animation-cards/kanto-grimer-native-body-v1/dex-088__form-00__gender-none__palette-normal__runtime.png	rc31-original-trs-v1:pm0088_00:00:none:normal-native-body-v1	8	2.6666667461395264	8	1	256	256	17	59	239	206	128	190.1535644676792	131.47502238417925	15	14	d808f3b38138b8d8844d58d95a5a8280734accfdbdedb2b3f902675915e01c8f	ca89335093301bd113ed62e6f21a25a412f0403de643506a4ec8adcaa26f53f5	345860de50b4db92952b34a536e83dd047a83a65bfda43ea346fe8d8589fb358	assets/pokemon-animation-cards/kanto-grimer-native-body-v1/dex-088__form-00__gender-none__palette-normal__admission.json	verified-render
88	grimer	base	none	shiny	assets/pokemon-animation-cards/kanto-grimer-native-body-v1/dex-088__form-00__gender-none__palette-shiny__idle-8x4.png	assets/pokemon-animation-cards/kanto-grimer-native-body-v1/dex-088__form-00__gender-none__palette-shiny__walk-8x4.png	assets/pokemon-animation-cards/kanto-grimer-native-body-v1/dex-088__form-00__gender-none__palette-shiny__runtime.png	rc31-original-trs-v1:pm0088_00:00:none:shiny-native-body-v1	8	2.6666667461395264	8	1	256	256	17	59	239	206	128	190.1535644676792	131.47502238417925	15	14	8fade70f43370ff5dec7f83a97045223133df673cfa4f5cc07282f83bd60dda4	1d22abdde64f33558596c5df2eb472da21d2012c0d822fe2047f7d878e8aa9a9	bac73b2a17ad7402b6aa135a6c5ccd0d7b0deb629f005dc8e0fe2edd77550187	assets/pokemon-animation-cards/kanto-grimer-native-body-v1/dex-088__form-00__gender-none__palette-shiny__admission.json	verified-render
93	haunter	base	none	normal	assets/pokemon-animation-cards/kanto-haunter-two-pass-native-body-v1/dex-093__form-00__gender-none__palette-normal__idle-8x4.png	assets/pokemon-animation-cards/kanto-haunter-two-pass-native-body-v1/dex-093__form-00__gender-none__palette-normal__walk-8x4.png	assets/pokemon-animation-cards/kanto-haunter-two-pass-native-body-v1/dex-093__form-00__gender-none__palette-normal__runtime.png	rc31-original-trs-v1:pm0093_00:00:none:normal-two-pass-native-body-v1	8	2	8	2	256	256	17	37	239	220	128	230.0894137479589	113.79883233867956	15	15	ef3a85261d992c6ecc8e67792a06a3cf4ef433c1c0b1a3a37427657251f0c379	6b58364be256177a1c273f8bd7d344733f54ec07ef5e57a32dc790f503e98907	842df722f2a25130dc52ab4e10e85b4936eb59101323631fbd67342ff06b6a44	assets/pokemon-animation-cards/kanto-haunter-two-pass-native-body-v1/dex-093__form-00__gender-none__palette-normal__admission.json	verified-render
93	haunter	base	none	shiny	assets/pokemon-animation-cards/kanto-haunter-two-pass-native-body-v1/dex-093__form-00__gender-none__palette-shiny__idle-8x4.png	assets/pokemon-animation-cards/kanto-haunter-two-pass-native-body-v1/dex-093__form-00__gender-none__palette-shiny__walk-8x4.png	assets/pokemon-animation-cards/kanto-haunter-two-pass-native-body-v1/dex-093__form-00__gender-none__palette-shiny__runtime.png	rc31-original-trs-v1:pm0093_00:00:none:shiny-two-pass-native-body-v1	8	2	8	2	256	256	17	37	239	220	128	230.0894137479589	113.79883233867956	15	15	725187113ddb1d848202de563bbd993e3af99f772c0b66c7bd1b8fc3a0a6b2cc	3a925e903710ff1a490b5e283ce2eccccb430639011234db3977d22a5ffe1405	67e36a7bb1b3950b023021f0f7fcd9d5581228d91762823069643196edf3a75e	assets/pokemon-animation-cards/kanto-haunter-two-pass-native-body-v1/dex-093__form-00__gender-none__palette-shiny__admission.json	verified-render
109	koffing	base	none	normal	assets/pokemon-animation-cards/kanto-original-smoke-body-109-110-v1/dex-109__form-00__gender-none__palette-normal__idle-8x4.png	assets/pokemon-animation-cards/kanto-original-smoke-body-109-110-v1/dex-109__form-00__gender-none__palette-normal__walk-8x4.png	assets/pokemon-animation-cards/kanto-original-smoke-body-109-110-v1/dex-109__form-00__gender-none__palette-normal__runtime.png	rc31-original-smoke-body-v1:pm0109_00:00:none:normal	8	2	8	2	256	256	43	33	215	226	128	233.59702604098706	79.26493290966442	15	15	012dc4c7e8c68de9f112f4d6fcc8aaf678cfd764dd06f96571a57139295b2f48	e5edbc900b6155bb516a2710e60b013bef3fe1106bf99ec93ef37e1b004f8756	3e2d9bc36ae25769f5238113fc38ce33d017b3d91717afdf5ef368e900597ed0	assets/pokemon-animation-cards/kanto-original-smoke-body-109-110-v1/dex-109__form-00__gender-none__palette-normal__admission.json	verified-render
109	koffing	base	none	shiny	assets/pokemon-animation-cards/kanto-original-smoke-body-109-110-v1/dex-109__form-00__gender-none__palette-shiny__idle-8x4.png	assets/pokemon-animation-cards/kanto-original-smoke-body-109-110-v1/dex-109__form-00__gender-none__palette-shiny__walk-8x4.png	assets/pokemon-animation-cards/kanto-original-smoke-body-109-110-v1/dex-109__form-00__gender-none__palette-shiny__runtime.png	rc31-original-smoke-body-v1:pm0109_00:00:none:shiny	8	2	8	2	256	256	43	33	215	226	128	233.59702604098706	79.26493290966442	15	15	967f4478d867508e4c64fc137e7d8e098b24cecc6a3dcb562b2bdc3a447e670c	d77b95626609d15ac9b15be28f3115d972377a56b4dd4f9b9cc9c802c2950a2b	df3a6391bf4cbcad8846de8eef370d32edfcbc2c5c25c5636098d9300800b9b4	assets/pokemon-animation-cards/kanto-original-smoke-body-109-110-v1/dex-109__form-00__gender-none__palette-shiny__admission.json	verified-render
110	weezing	base	none	normal	assets/pokemon-animation-cards/kanto-original-smoke-body-109-110-v1/dex-110__form-00__gender-none__palette-normal__idle-8x4.png	assets/pokemon-animation-cards/kanto-original-smoke-body-109-110-v1/dex-110__form-00__gender-none__palette-normal__walk-8x4.png	assets/pokemon-animation-cards/kanto-original-smoke-body-109-110-v1/dex-110__form-00__gender-none__palette-normal__runtime.png	rc31-original-smoke-body-v1:pm0110_00:00:none:normal	8	2.6666667461395264	8	2	256	256	37	29	219	227	128	219.56348927793783	84.78836135994632	15	16	fc14b2504d55f5ef506cd4627668b9c405b19bdaa0369625a2f83151a7203c26	d80396866cd1a543186ac04902661a60f4333a612d402c03d21ef62c47f6bac4	e1020e86051cb086416b6ca73d253e7376268bb440a0b841803f811af5dca459	assets/pokemon-animation-cards/kanto-original-smoke-body-109-110-v1/dex-110__form-00__gender-none__palette-normal__admission.json	verified-render
110	weezing	base	none	shiny	assets/pokemon-animation-cards/kanto-original-smoke-body-109-110-v1/dex-110__form-00__gender-none__palette-shiny__idle-8x4.png	assets/pokemon-animation-cards/kanto-original-smoke-body-109-110-v1/dex-110__form-00__gender-none__palette-shiny__walk-8x4.png	assets/pokemon-animation-cards/kanto-original-smoke-body-109-110-v1/dex-110__form-00__gender-none__palette-shiny__runtime.png	rc31-original-smoke-body-v1:pm0110_00:00:none:shiny	8	2.6666667461395264	8	2	256	256	37	29	219	227	128	219.56348927793783	84.78836135994632	15	16	01270cf7c8fe7953ec3d9747086156a3e26fca5a559652bfed1280d1c734676e	a33e5bfcc3003ea1b996b0b283bb1c63c17494a8a6a07061be6af25be3745579	7a6962f7c1b4f962d50f6e3b9fc67e3ea04de42b315079d715e77769824033b0	assets/pokemon-animation-cards/kanto-original-smoke-body-109-110-v1/dex-110__form-00__gender-none__palette-shiny__admission.json	verified-render
77	ponyta	base	none	normal	assets/pokemon-animation-cards/kanto-ponyta-original-fire-time-body-v1/dex-077__form-00__gender-none__palette-normal__idle-8x4.png	assets/pokemon-animation-cards/kanto-ponyta-original-fire-time-body-v1/dex-077__form-00__gender-none__palette-normal__walk-8x4.png	assets/pokemon-animation-cards/kanto-ponyta-original-fire-time-body-v1/dex-077__form-00__gender-none__palette-normal__runtime.png	rc31-original-trs-v1:pm0077_00:00:none:normal-fire-time-body-v1	8	1.6666667461395264	8	1	256	256	19	56	237	207	128	197.67126473070496	124.48201740342681	15	16	85a693d943d91ae4cd3ffd295a6437916b4f3f5b118e764e5b842bb2f55d64be	609aae635bcf94e3184963945df0f95d2df49d310cc37595b673d92176fe4b34	fab116b2f9f3478046854f9aafcb436fb7e935682fa6c98cb3427b30846d02af	assets/pokemon-animation-cards/kanto-ponyta-original-fire-time-body-v1/dex-077__form-00__gender-none__palette-normal__admission.json	verified-render
77	ponyta	base	none	shiny	assets/pokemon-animation-cards/kanto-ponyta-original-fire-time-body-v1/dex-077__form-00__gender-none__palette-shiny__idle-8x4.png	assets/pokemon-animation-cards/kanto-ponyta-original-fire-time-body-v1/dex-077__form-00__gender-none__palette-shiny__walk-8x4.png	assets/pokemon-animation-cards/kanto-ponyta-original-fire-time-body-v1/dex-077__form-00__gender-none__palette-shiny__runtime.png	rc31-original-trs-v1:pm0077_00:00:none:shiny-fire-time-body-v1	8	1.6666667461395264	8	1	256	256	19	56	237	207	128	197.67126473070496	124.48201740342681	15	16	e7bf8a6e9a54d19eb1ee533d12af38b1f7632e06c13c3fc0e6357971c8982905	11b67d3cb7eb5e4bba3d006e43d7695f72bb59469d54d997f393edb235135720	c12539c1f9e29d6f6855fcad92fd2187317ae095fb9d311c1ca34d8a9c4ff088	assets/pokemon-animation-cards/kanto-ponyta-original-fire-time-body-v1/dex-077__form-00__gender-none__palette-shiny__admission.json	verified-render
